-- Full CityReference seed used by the Action Plan agency and service hierarchy.

INSERT INTO reference.agency (agency_id, agency_name, public_name, deputy_mayor_pillar, submit_plan, is_quasi, active)
VALUES
    ('AGC1000', 'City Council', NULL, 'Independent — Legislative Branch', true, false, true),
    ('AGC1100', 'City Council Services', NULL, 'Independent — Legislative Branch', true, false, true),
    ('AGC1200', 'Comptroller', NULL, 'Independent — Elected Comptroller (Bill Henry)', true, false, true),
    ('AGC1311', 'Courts - Circuit Court', NULL, 'Independent — Judicial Branch (Circuit Court)', true, false, true),
    ('AGC1321', 'Courts - Orphans'' Court', NULL, 'Independent — Judicial Branch (Orphans Court)', true, false, true),
    ('AGC1900', 'Board of Elections', NULL, 'Khalil Zaied — Deputy Mayor, Operations', true, false, true),
    ('AGC2100', 'Employees'' Retirement Systems', 'Employees'' Retirement Systems', 'Shamiah Kerney — Deputy City Administrator', true, true, true),
    ('AGC2300', 'Finance', NULL, 'City Administrator — Faith Leach', true, false, true),
    ('AGC2500', 'Fire', NULL, 'Samuel Johnson — Asst. Deputy Mayor, Public Safety (Acting)', true, false, true),
    ('AGC2600', 'General Services', NULL, 'Khalil Zaied — Deputy Mayor, Operations', true, false, true),
    ('AGC2700', 'Health', NULL, 'Dr. Letitia Dzirasa — Deputy Mayor, Health & Human Services', true, false, true),
    ('AGC3100', 'Housing and Community Development', NULL, 'Calvin Young — Deputy Mayor, Community & Economic Development', true, false, true),
    ('AGC3300', 'Human Resources', NULL, 'Shamiah Kerney — Deputy City Administrator', true, false, true),
    ('AGC3500', 'Law', NULL, 'City Administrator — Faith Leach', true, false, true),
    ('AGC3700', 'Legislative Reference', NULL, 'Independent — Legislative Branch', true, false, true),
    ('AGC3900', 'Enoch Pratt Free Library', 'Enoch Pratt Free Library', 'Chief of Staff — John David Merrill', true, true, true),
    ('AGC4100', 'Liquor License Board', 'Liquor Board', 'Calvin Young — Deputy Mayor, Community & Economic Development', true, true, true),
    ('AGC4301', 'Mayoralty', 'Mayor''s Office', 'Mayor''s Office — Multiple portfolios', true, false, true),
    ('AGC4303', 'M-R Office of Information and Technology', 'Baltimore City Information Technology (BCIT)', 'Shamiah Kerney — Deputy City Administrator', true, false, true),
    ('AGC4306', 'M-R Contingent Fund', NULL, 'Mayor''s Office — Budget / Contingent Fund', false, false, true),
    ('AGC4307', 'M-R Innovation Fund', NULL, 'Shamiah Kerney — Deputy City Administrator', false, false, true),
    ('AGC4308', 'M-R Office of the Inspector General', 'Office of the Inspector General', 'Independent — Inspector General', true, false, true),
    ('AGC4309', 'M-R Office of Children and Family Success', 'Office of Children and Family Success', 'Dr. Letitia Dzirasa — Deputy Mayor, Health & Human Services', true, false, true),
    ('AGC4310', 'M-R Office of Small Minority Business Advocacy & Development', NULL, 'Calvin Young — Deputy Mayor, Community & Economic Development', true, false, true),
    ('AGC4311', 'M-R Miscellaneous General Expenses', NULL, 'Mayor''s Office — Budget / Misc. Expenses', false, false, true),
    ('AGC4312', 'M-R Debt Service', NULL, 'City Administrator — Faith Leach (Finance)', false, false, true),
    ('AGC4313', 'M-R Self-Insurance Fund', NULL, 'City Administrator — Faith Leach (Finance)', false, false, true),
    ('AGC4314', 'M-R Conditional Purchase Agreements', NULL, 'City Administrator — Faith Leach (Finance)', false, false, true),
    ('AGC4315', 'M-R TIF Debt Service', NULL, 'City Administrator — Faith Leach (Finance)', false, false, true),
    ('AGC4316', 'M-R Health and Welfare Grants', 'Health & Welfare Grants (Family League & Legal Aid )', 'Dr. Letitia Dzirasa — Deputy Mayor, Health & Human Services', false, true, true),
    ('AGC4317', 'M-R Consumer Protection and Business Licensing', 'Department of Consumer Protection and Business Licensing', 'Shamiah Kerney — Deputy City Administrator', true, false, true),
    ('AGC4321', 'M-R Educational Grants', 'Educational Grants (Family League and others)', 'Dr. Letitia Dzirasa — Deputy Mayor, Health & Human Services', false, true, true),
    ('AGC4326', 'M-R Civic Promotion', 'Civic Promotion (Visit Baltimore / Live Baltimore / Heritage Area / Lexington Market)', 'Chief of Staff — John David Merrill', false, true, true),
    ('AGC4341', 'M-R Office of the Labor Commissioner', 'Office of the Labor Commissioner', 'Shamiah Kerney — Deputy City Administrator', true, false, true),
    ('AGC4346', 'M-R Office of Neighborhood Safety and Engagement', 'Office of Neighborhood Safety and Engagement', 'Samuel Johnson — Asst. Deputy Mayor, Public Safety (Acting)', true, false, true),
    ('AGC4356', 'M-R Art and Culture', 'Art & Culture (BMA /  Symphony / Zoo / Create Baltimore)', 'Calvin Young — Deputy Mayor, Community & Economic Development', false, true, true),
    ('AGC4361', 'M-R Convention Complex', 'Convention Complex (BDC / Convention Center)', 'Calvin Young — Deputy Mayor, Community & Economic Development', false, true, true),
    ('AGC4364', 'M-R Convention Center Hotel', NULL, 'Calvin Young — Deputy Mayor, Community & Economic Development', false, false, true),
    ('AGC4366', 'M-R Cable and Communications', NULL, 'Chief of Staff — John David Merrill', true, false, true),
    ('AGC4371', 'M-R Baltimore City Public Schools', NULL, 'Independent — Baltimore City Public Schools', true, false, true),
    ('AGC4376', 'M-R Retirees'' Benefits', NULL, 'City Administrator — Faith Leach (Finance)', false, false, true),
    ('AGC4377', 'M-R Employees'' Retirement Contribution', NULL, 'City Administrator — Faith Leach (Finance)', false, false, true),
    ('AGC4381', 'M-R Office of Homeless Services', 'Office of Homeless Services', 'Dr. Letitia Dzirasa — Deputy Mayor, Health & Human Services', true, false, true),
    ('AGC4383', 'M-R Environmental Control Board', 'Environmental Control Board', 'Shamiah Kerney — Deputy City Administrator', true, true, true),
    ('AGC4392', 'M-R Office of Recovery Programs', 'Office of Recovery Programs', 'Shamiah Kerney — Deputy City Administrator', true, false, true),
    ('AGC4393', 'M-R Office of Immigrant Affairs', 'Office of Immigrant and Multicultural Affairs', 'Chief of Staff — John David Merrill', true, false, true),
    ('AGC4500', 'M-R Office of Employment Development', 'Office of Employment Development', 'Calvin Young — Deputy Mayor, Community & Economic Development', true, false, true),
    ('AGC5500', 'Office of Equity and Civil Rights', 'Office of Equity and Civil Rights', 'Shamiah Kerney — Deputy City Administrator', true, false, true),
    ('AGC5700', 'Planning', NULL, 'Calvin Young — Deputy Mayor, Community & Economic Development', true, false, true),
    ('AGC5900', 'Police', NULL, 'Samuel Johnson — Asst. Deputy Mayor, Public Safety (Acting)', true, false, true),
    ('AGC6100', 'Public Works', NULL, 'Khalil Zaied — Deputy Mayor, Operations', true, false, true),
    ('AGC6300', 'Recreation and Parks', NULL, 'Dr. Letitia Dzirasa — Deputy Mayor, Health & Human Services', true, false, true),
    ('AGC6500', 'Sheriff', 'Sheriff''s Office', 'Independent — Elected Sheriff', true, false, true),
    ('AGC6900', 'State''s Attorney', 'State''s Attorney''s Office', 'Independent — Elected State''s Attorney', true, true, true),
    ('AGC7000', 'Transportation', NULL, 'Khalil Zaied — Deputy Mayor, Operations', true, false, true),
    ('AGC7900', 'Municipal and Zoning Appeals', 'Board of Municipal and Zoning Appeals', 'City Administrator — Faith Leach', true, false, true),
    ('AGC9900', 'CAFR Adjustments', NULL, 'City Administrator — Faith Leach (Finance)', false, false, true)
ON CONFLICT (agency_id) DO UPDATE SET
    agency_name = EXCLUDED.agency_name,
    public_name = EXCLUDED.public_name,
    deputy_mayor_pillar = EXCLUDED.deputy_mayor_pillar,
    submit_plan = EXCLUDED.submit_plan,
    is_quasi = EXCLUDED.is_quasi,
    active = EXCLUDED.active;

INSERT INTO reference.service (service_id, service_name, agency_id, pillar_id, service_type, active)
VALUES
    ('SRV0100', 'City Council', 'AGC1000', 5, 'Performance', true),
    ('SRV0103', 'Council Services', 'AGC1100', 5, 'Performance', true),
    ('SRV0106', 'Legislative Reference Services', 'AGC3700', 5, 'Performance', true),
    ('SRV0107', 'Archives and Records Management', 'AGC3700', 5, 'Performance', true),
    ('SRV0109', 'Administration - Children and Family Success', 'AGC4309', 2, 'Administrative', true),
    ('SRV0110', 'Circuit Court', 'AGC1311', 1, 'Performance', true),
    ('SRV0111', 'Economic Recovery', 'AGC4392', NULL, 'Performance', true),
    ('SRV0115', 'Prosecution of Criminals', 'AGC6900', 1, 'Performance', true),
    ('SRV0117', 'Adjudication of Environmental Citations', 'AGC4383', 4, 'Performance', true),
    ('SRV0121', 'Contingent Fund', 'AGC4306', NULL, 'Performance', true),
    ('SRV0122', 'Miscellaneous General Expenses', 'AGC4311', NULL, 'Performance', true),
    ('SRV0123', 'General Debt Service', 'AGC4312', NULL, 'Performance', true),
    ('SRV0124', 'TIF Debt Service', 'AGC4315', NULL, 'Performance', true),
    ('SRV0125', 'Executive Direction and Control - Mayoralty', 'AGC4301', 5, 'Administrative', true),
    ('SRV0126', 'Contribution to Self-Insurance Fund', 'AGC4313', NULL, 'Performance', true),
    ('SRV0128', 'Labor Contract Negotiations and Administration', 'AGC4341', 5, 'Administrative', true),
    ('SRV0129', 'Conditional Purchase Agreement Payments', 'AGC4314', NULL, 'Performance', true),
    ('SRV0130', 'Executive Direction and Control - Comptroller', 'AGC1200', 5, 'Administrative', true),
    ('SRV0131', 'Audits', 'AGC1200', 5, 'Performance', true),
    ('SRV0132', 'Real Estate Acquisition and Management', 'AGC1200', 4, 'Performance', true),
    ('SRV0133', 'Municipal Telephone Exchange', 'AGC1200', 5, 'Performance', true),
    ('SRV0136', 'Municipal Post Office', 'AGC1200', 5, 'Performance', true),
    ('SRV0148', 'Revenue Collection', 'AGC2300', 5, 'Performance', true),
    ('SRV0150', 'Treasury and Debt Management', 'AGC2300', 5, 'Performance', true),
    ('SRV0152', 'Employees'' Retirement System - Administration', 'AGC2100', 5, 'Administrative', true),
    ('SRV0154', 'Fire and Police Retirement System - Administration', 'AGC2100', 5, 'Administrative', true),
    ('SRV0155', 'Retirement Savings Plan', 'AGC2100', 5, 'Performance', true),
    ('SRV0168', 'Municipal Broadband', 'AGC4303', 5, 'Performance', true),
    ('SRV0185', 'Board of Municipal and Zoning Appeals', 'AGC7900', 4, 'Performance', true),
    ('SRV0189', 'Fleet Management', 'AGC2600', 5, 'Performance', true),
    ('SRV0303', 'Clinical Services', 'AGC2700', 3, 'Performance', true),
    ('SRV0305', 'Healthy Homes', 'AGC2700', 3, 'Performance', true),
    ('SRV0307', 'Substance Use Disorder and Mental Health', 'AGC2700', 3, 'Performance', true),
    ('SRV0308', 'Maternal and Child Health', 'AGC2700', 2, 'Performance', true),
    ('SRV0310', 'School Health Services', 'AGC2700', 2, 'Performance', true),
    ('SRV0311', 'Health Services for Seniors', 'AGC2700', 2, 'Performance', true),
    ('SRV0315', 'Emergency Services - Health', 'AGC2700', 3, 'Performance', true),
    ('SRV0316', 'Youth and Trauma Services', 'AGC2700', 2, 'Performance', true),
    ('SRV0351', 'Retirees''  Benefits', 'AGC4376', NULL, 'Performance', true),
    ('SRV0352', 'Baltimore City Public Schools', 'AGC4371', 2, 'Performance', true),
    ('SRV0355', 'Employees'' Retirement Contribution', 'AGC4377', NULL, 'Performance', true),
    ('SRV0356', 'Administration - Homeless Services', 'AGC4381', 3, 'Administrative', true),
    ('SRV0385', 'Health and Welfare Grants', 'AGC4316', 2, 'Performance', true),
    ('SRV0446', 'Educational Grants', 'AGC4321', 2, 'Performance', true),
    ('SRV0493', 'Art and Culture Grants', 'AGC4356', 4, 'Performance', true),
    ('SRV0500', 'Street Lighting', 'AGC7000', 1, 'Performance', true),
    ('SRV0535', 'Convention Center Hotel', 'AGC4364', 4, 'Performance', true),
    ('SRV0540', 'Royal Farms Arena Operations', 'AGC4361', 4, 'Performance', true),
    ('SRV0548', 'Conduits', 'AGC7000', 6, 'Performance', true),
    ('SRV0590', 'Civic Promotion Grants', 'AGC4326', 4, 'Performance', true),
    ('SRV0593', 'Community Support Projects', 'AGC3100', 4, 'Performance', true),
    ('SRV0600', 'Administration - Fire', 'AGC2500', 1, 'Administrative', true),
    ('SRV0602', 'Fire Suppression and Emergency Rescue', 'AGC2500', 1, 'Performance', true),
    ('SRV0604', 'Before and After Care', 'AGC3100', 2, 'Performance', true),
    ('SRV0605', 'Head Start', 'AGC4309', 2, 'Performance', true),
    ('SRV0608', 'Emergency Management', 'AGC2500', 1, 'Performance', true),
    ('SRV0609', 'Emergency Medical Services', 'AGC2500', 1, 'Performance', true),
    ('SRV0610', 'Fire and Emergency Community Outreach', 'AGC2500', 1, 'Performance', true),
    ('SRV0611', 'Fire Code Enforcement', 'AGC2500', 1, 'Performance', true),
    ('SRV0612', 'Fire Investigation', 'AGC2500', 1, 'Performance', true),
    ('SRV0613', 'Fire Facilities Maintenance and Replacement', 'AGC2500', 1, 'Performance', true),
    ('SRV0614', 'Fire Communications and Dispatch', 'AGC2500', 1, 'Performance', true),
    ('SRV0615', 'Fire Training and Education', 'AGC2500', 1, 'Performance', true),
    ('SRV0617', 'Criminal Justice Coordination', 'AGC4346', 1, 'Performance', false),
    ('SRV0618', 'Neighborhood Safety and Engagement', 'AGC4346', 1, 'Performance', false),
    ('SRV0619', 'Community Empowerment and Opportunity', 'AGC4346', 1, 'Performance', false),
    ('SRV0621', 'Administrative Bureau', 'AGC5900', 1, 'Administrative', true),
    ('SRV0622', 'Police Patrol', 'AGC5900', 1, 'Performance', true),
    ('SRV0623', 'Criminal Investigation Division', 'AGC5900', 1, 'Performance', true),
    ('SRV0626', 'Data Driven Strategies', 'AGC5900', 1, 'Performance', true),
    ('SRV0628', 'Public Integrity Bureau', 'AGC5900', 1, 'Performance', true),
    ('SRV0635', 'Recruitment Section', 'AGC5900', 1, 'Performance', true),
    ('SRV0642', 'Crime Laboratory and Evidence Control', 'AGC5900', 1, 'Performance', true),
    ('SRV0644', 'Administration - Recreation and Parks', 'AGC6300', 3, 'Administrative', true),
    ('SRV0645', 'Aquatics', 'AGC6300', 2, 'Performance', true),
    ('SRV0646', 'Park Maintenance', 'AGC6300', 6, 'Performance', true),
    ('SRV0647', 'Youth and Adult Sports', 'AGC6300', 2, 'Performance', true),
    ('SRV0648', 'Community Recreation Centers', 'AGC6300', 2, 'Performance', true),
    ('SRV0649', 'Special Facilities Management - Recreation', 'AGC6300', 6, 'Performance', true),
    ('SRV0650', 'Horticulture', 'AGC6300', 3, 'Performance', true),
    ('SRV0651', 'Recreation for Older Adults', 'AGC6300', 2, 'Performance', true),
    ('SRV0652', 'Therapeutic Recreation', 'AGC6300', 2, 'Performance', true),
    ('SRV0653', 'Park Programs and Events', 'AGC6300', 3, 'Performance', true),
    ('SRV0654', 'Urban Forestry', 'AGC6300', 3, 'Performance', true),
    ('SRV0656', 'Wage Investigation and Enforcement', 'AGC5500', 4, 'Performance', true),
    ('SRV0660', 'Administration - Solid Waste', 'AGC6100', 3, 'Administrative', true),
    ('SRV0661', 'Public Right-of-Way Cleaning', 'AGC6100', 3, 'Performance', true),
    ('SRV0662', 'Vacant and Abandoned Property Cleaning and Boarding', 'AGC6100', 3, 'Performance', true),
    ('SRV0663', 'Waste Removal and Recycling', 'AGC6100', 3, 'Performance', true),
    ('SRV0664', 'Waste Re-Use and Disposal', 'AGC6100', 3, 'Performance', true),
    ('SRV0670', 'Administration - Water and Wastewater', 'AGC6100', 3, 'Administrative', true),
    ('SRV0671', 'Water Management', 'AGC6100', 3, 'Performance', true),
    ('SRV0672', 'Water and Wastewater Consumer Services', 'AGC6100', 3, 'Performance', true),
    ('SRV0673', 'Wastewater Management', 'AGC6100', 3, 'Performance', true),
    ('SRV0674', 'Surface Water Management', 'AGC6100', 3, 'Performance', true),
    ('SRV0675', 'Engineering and Construction Management - Water and Wastewater', 'AGC6100', 6, 'Performance', true),
    ('SRV0676', 'Administration - DPW', 'AGC6100', 3, 'Administrative', true),
    ('SRV0681', 'Administration - DOT', 'AGC7000', 6, 'Administrative', true),
    ('SRV0682', 'Parking Management', 'AGC7000', 6, 'Performance', true),
    ('SRV0683', 'Street Management', 'AGC7000', 6, 'Performance', true),
    ('SRV0684', 'Traffic Management', 'AGC7000', 6, 'Performance', true),
    ('SRV0685', 'Special Events', 'AGC7000', 4, 'Performance', true),
    ('SRV0687', 'Inner Harbor Services - Transportation', 'AGC7000', 4, 'Performance', true),
    ('SRV0688', 'Snow and Ice Control', 'AGC7000', 6, 'Performance', true),
    ('SRV0689', 'Vehicle Impounding and Disposal', 'AGC7000', 1, 'Performance', true),
    ('SRV0690', 'Sustainable Transportation', 'AGC7000', 6, 'Performance', true),
    ('SRV0691', 'Public Rights-of-Way Landscape Management', 'AGC7000', 3, 'Performance', true),
    ('SRV0692', 'Bridge and Culvert Management', 'AGC7000', 6, 'Performance', true),
    ('SRV0693', 'Parking Enforcement', 'AGC7000', 6, 'Performance', true),
    ('SRV0694', 'Survey Control', 'AGC7000', 6, 'Performance', true),
    ('SRV0695', 'Dock Master', 'AGC7000', 4, 'Performance', true),
    ('SRV0696', 'Street Cuts Management', 'AGC7000', 6, 'Performance', true),
    ('SRV0697', 'Traffic Safety', 'AGC7000', 1, 'Performance', true),
    ('SRV0698', 'Administration - Finance', 'AGC2300', 5, 'Administrative', true),
    ('SRV0699', 'Procurement', 'AGC2300', 5, 'Performance', true),
    ('SRV0700', 'Surplus Property Disposal', 'AGC2300', 5, 'Performance', true),
    ('SRV0701', 'Printing Services', 'AGC2300', 5, 'Performance', true),
    ('SRV0702', 'Accounts Payable', 'AGC2300', 5, 'Performance', true),
    ('SRV0703', 'Payroll', 'AGC2300', 5, 'Performance', true),
    ('SRV0704', 'Accounting', 'AGC2300', 5, 'Performance', true),
    ('SRV0707', 'Risk Management for Employee Injuries', 'AGC2300', 5, 'Performance', true),
    ('SRV0708', 'Operating Budget Management', 'AGC2300', 5, 'Performance', true),
    ('SRV0710', 'Fiscal Integrity and Recovery', 'AGC2300', 5, 'Performance', true),
    ('SRV0711', 'Finance Project Management', 'AGC2300', 5, 'Performance', true),
    ('SRV0715', 'Administration - Health', 'AGC2700', 3, 'Administrative', true),
    ('SRV0716', 'Animal Services', 'AGC2700', 3, 'Performance', true),
    ('SRV0717', 'Environmental Inspection Services', 'AGC2700', 3, 'Performance', true),
    ('SRV0718', 'Chronic Disease Prevention', 'AGC2700', 3, 'Performance', true),
    ('SRV0720', 'HIV Treatment Services for the Uninsured', 'AGC2700', 3, 'Performance', true),
    ('SRV0721', 'Senior Centers', 'AGC2700', 2, 'Performance', true),
    ('SRV0722', 'Administration - CARE', 'AGC2700', 2, 'Administrative', true),
    ('SRV0723', 'Advocacy for Seniors', 'AGC2700', 2, 'Performance', true),
    ('SRV0724', 'Direct Care and Support Planning', 'AGC2700', 2, 'Performance', true),
    ('SRV0725', 'Community Services for Seniors', 'AGC2700', 2, 'Performance', true),
    ('SRV0726', 'Administration - General Services', 'AGC2600', 6, 'Administrative', true),
    ('SRV0727', 'Real Property Management', 'AGC7000', 6, 'Performance', true),
    ('SRV0730', 'Public and Private Energy Performance', 'AGC2600', 3, 'Performance', true),
    ('SRV0731', 'Facilities Management', 'AGC2600', 6, 'Performance', true),
    ('SRV0734', 'Capital Projects Division - Design and Construction', 'AGC2600', 6, 'Performance', true),
    ('SRV0737', 'Administration - HCD', 'AGC3100', 4, 'Administrative', true),
    ('SRV0738', 'Weatherization Services', 'AGC3100', 4, 'Performance', true),
    ('SRV0741', 'Community Action Partnership', 'AGC4309', 2, 'Performance', true),
    ('SRV0742', 'Promote Homeownership', 'AGC3100', 4, 'Performance', true),
    ('SRV0745', 'Housing Code Enforcement', 'AGC3100', 4, 'Performance', true),
    ('SRV0747', 'Register and License Properties and Contractors', 'AGC3100', 4, 'Performance', true),
    ('SRV0748', 'Affordable Housing', 'AGC3100', 4, 'Performance', true),
    ('SRV0749', 'Property Acquisition, Disposition and Asset Management', 'AGC3100', 4, 'Performance', true),
    ('SRV0750', 'Housing Rehabilitation Services', 'AGC3100', 4, 'Performance', true),
    ('SRV0751', 'Building Codes Permitting, Inspections, and Compliance', 'AGC3100', 4, 'Performance', true),
    ('SRV0752', 'Community Outreach Services', 'AGC3100', 3, 'Performance', true),
    ('SRV0754', 'Summer Food Service Program', 'AGC3100', 2, 'Performance', true),
    ('SRV0757', 'CitiWatch', 'AGC4303', 1, 'Performance', true),
    ('SRV0758', 'Coordination of Public Safety Strategy - Administration', 'AGC4346', 1, 'Administrative', false),
    ('SRV0761', 'Development Oversight and Project Support', 'AGC5700', 4, 'Performance', true),
    ('SRV0762', 'Historic Preservation', 'AGC5700', 4, 'Performance', true),
    ('SRV0763', 'Comprehensive Planning and Resource Management', 'AGC5700', 6, 'Performance', true),
    ('SRV0765', 'Planning for a Sustainable Baltimore', 'AGC5700', 3, 'Performance', true),
    ('SRV0768', 'Administration - Planning', 'AGC5700', 4, 'Administrative', true),
    ('SRV0770', 'Administration - Human Resources', 'AGC3300', 5, 'Administrative', true),
    ('SRV0771', 'Benefits Administration', 'AGC3300', 5, 'Administrative', true),
    ('SRV0772', 'Civil Service Management', 'AGC3300', 5, 'Performance', true),
    ('SRV0773', 'Learning and Development', 'AGC3300', 5, 'Performance', true),
    ('SRV0781', 'Administration - State''s Attorney', 'AGC6900', 1, 'Administrative', true),
    ('SRV0786', 'Victim and Witness Services', 'AGC6900', 1, 'Performance', true),
    ('SRV0788', 'Information Services', 'AGC3900', 2, 'Performance', true),
    ('SRV0791', 'BCPS Alternative Options Academy for Youth', 'AGC4500', 2, 'Performance', true),
    ('SRV0792', 'Workforce Public Assistance', 'AGC4500', 4, 'Performance', true),
    ('SRV0793', 'Employment Enhancement Services for Baltimore City Residents', 'AGC4500', 4, 'Performance', true),
    ('SRV0794', 'Administration - MOED', 'AGC4500', 4, 'Administrative', true),
    ('SRV0795', 'Workforce Services for Baltimore Residents', 'AGC4500', 4, 'Performance', true),
    ('SRV0796', 'Workforce Services for Ex-Offenders', 'AGC4500', 1, 'Performance', true),
    ('SRV0797', 'Workforce Services for Out of School Youth - Youth Opportunity', 'AGC4500', 2, 'Performance', true),
    ('SRV0798', 'Youth Works Summer Job Program', 'AGC4500', 2, 'Performance', true),
    ('SRV0800', 'Workforce Services for WIOA Funded Youth', 'AGC4500', 2, 'Performance', true),
    ('SRV0802', 'Administration', 'AGC4303', 5, 'Administrative', true),
    ('SRV0803', 'Enterprise Innovation and Application Services', 'AGC4303', 5, 'Performance', true),
    ('SRV0804', '311 Call Center', 'AGC4303', 5, 'Performance', true),
    ('SRV0805', 'Enterprise IT Delivery Services', 'AGC4303', 5, 'Performance', true),
    ('SRV0807', 'Compliance Bureau', 'AGC5900', 1, 'Performance', true),
    ('SRV0809', 'Retention, Expansion, and Attraction of Businesses', 'AGC3100', 4, 'Performance', true),
    ('SRV0810', 'Real Estate Development', 'AGC3100', 4, 'Performance', true),
    ('SRV0811', 'Inner Harbor Coordination', 'AGC3100', 4, 'Performance', true),
    ('SRV0813', 'Technology Development - Emerging Technology Center', 'AGC3100', 4, 'Performance', true),
    ('SRV0815', 'Live Baltimore', 'AGC3100', 4, 'Performance', true),
    ('SRV0816', 'Special Operations Section', 'AGC5900', 1, 'Performance', true),
    ('SRV0817', 'Orphans'' Court', 'AGC1321', 2, 'Performance', true),
    ('SRV0820', 'Convention Sales and Tourism Marketing', 'AGC4326', 4, 'Performance', true),
    ('SRV0824', 'Events, Art, Culture, and Film', 'AGC4356', 4, 'Performance', true),
    ('SRV0828', 'Bromo Seltzer Arts Tower', 'AGC4356', 4, 'Performance', true),
    ('SRV0833', 'Innovation Fund', 'AGC4307', NULL, 'Performance', true),
    ('SRV0834', 'MWB Opportunity Office', 'AGC4310', 4, 'Performance', true),
    ('SRV0836', 'Inspector General', 'AGC4308', 5, 'Performance', true),
    ('SRV0844', 'Equity & Inclusion', 'AGC5500', 2, 'Performance', true),
    ('SRV0846', 'Discrimination Investigations, Resolutions and Concilations', 'AGC5500', 5, 'Performance', true),
    ('SRV0848', 'Police Community Relations', 'AGC5500', 1, 'Performance', true),
    ('SRV0849', 'Police Civilian Oversight', 'AGC5500', 1, 'Performance', true),
    ('SRV0850', 'Liquor Licensing', 'AGC4100', 4, 'Performance', true),
    ('SRV0851', 'Liquor License Compliance', 'AGC4100', 1, 'Performance', true),
    ('SRV0853', 'Patrol Support Services', 'AGC5900', 1, 'Performance', true),
    ('SRV0855', 'Convention Center', 'AGC4361', 4, 'Performance', true),
    ('SRV0857', 'Convention Center Debt Service', 'AGC4361', NULL, 'Performance', true),
    ('SRV0860', 'Administration - Law', 'AGC3500', 5, 'Administrative', true),
    ('SRV0861', 'Controversies', 'AGC3500', 5, 'Performance', true),
    ('SRV0862', 'Transactions', 'AGC3500', 5, 'Performance', true),
    ('SRV0869', 'Minority and Women''s Business Opportunity Office', 'AGC3500', 4, 'Performance', true),
    ('SRV0871', 'Police Legal Affairs', 'AGC3500', 1, 'Performance', true),
    ('SRV0872', 'Workers’ Compensation Practice', 'AGC3500', 5, 'Performance', true),
    ('SRV0873', 'Broadband and Digital Equity', 'AGC4303', 6, 'Performance', true),
    ('SRV0876', 'Media Production', 'AGC4366', 5, 'Performance', true),
    ('SRV0881', 'Courthouse Security', 'AGC6500', 1, 'Performance', true),
    ('SRV0882', 'Deputy Sheriff Enforcement', 'AGC6500', 1, 'Performance', true),
    ('SRV0883', 'Service of Protective and Peace Orders', 'AGC6500', 1, 'Performance', true),
    ('SRV0884', 'District Court Sheriff Services', 'AGC6500', 1, 'Performance', true),
    ('SRV0889', 'Child Support Enforcement', 'AGC6500', 1, 'Performance', true),
    ('SRV0893', 'Homeless Prevention and Support Services for the Homeless', 'AGC4381', 3, 'Performance', true),
    ('SRV0894', 'Outreach to the Homeless', 'AGC4381', 3, 'Performance', true),
    ('SRV0895', 'Temporary Housing for the Homeless', 'AGC4381', 3, 'Performance', true),
    ('SRV0896', 'Permanent Housing for the Homeless', 'AGC4381', 3, 'Performance', true),
    ('SRV0899', 'Fair Conduct of Elections', 'AGC1900', 5, 'Performance', true),
    ('SRV0902', 'Account Payable', 'AGC1200', 5, 'Performance', true),
    ('SRV0903', 'Office of Performance and Innovation', 'AGC4301', 5, 'Performance', true),
    ('SRV0905', 'Office of African American Male Engagement', 'AGC4301', 2, 'Performance', true),
    ('SRV0906', 'Office of LGBTQ Affairs', 'AGC4301', 2, 'Performance', true),
    ('SRV0907', 'Office of Infrastructure Development', 'AGC4301', 6, 'Performance', true),
    ('SRV0908', 'Office of Older Adult Affairs and Advocacy', 'AGC4301', 2, 'Performance', true),
    ('SRV0909', 'Office of the Zoning Administrator', 'AGC5700', 4, 'Performance', true),
    ('SRV0910', 'Office of Ethics', 'AGC4308', 5, 'Performance', true),
    ('SRV0911', 'Digital Services', 'AGC4303', 5, 'Performance', true),
    ('SRV0912', 'Facility Maintenance', 'AGC6300', 6, 'Performance', true),
    ('SRV0913', 'Finance Grants Management', 'AGC2300', 5, 'Performance', true),
    ('SRV0914', 'Administration - OECR', 'AGC5500', 2, 'Administrative', true),
    ('SRV0915', 'Corporate and Revenue Compliance', 'AGC2300', 5, 'Performance', true),
    ('SRV0916', 'Opioid Restitution Administration', 'AGC4392', 3, 'Administrative', true),
    ('SRV0917', 'Opioid Restitution Grants', 'AGC4392', 3, 'Performance', true),
    ('SRV0918', 'Opioid Restitution Administration', 'AGC4301', 3, 'Administrative', true),
    ('SRV0919', 'Municipal ID', 'AGC4303', 2, 'Performance', true),
    ('SRV0920', 'Mayor’s Office of Art, Culture, and Entertainment', 'AGC4301', 4, 'Performance', true),
    ('SRV0921', 'Consumer Protection and Business Licensing', 'AGC4317', 4, 'Performance', true),
    ('SRV0922', 'Clean Corps', 'AGC5700', 3, 'Performance', true),
    ('SRV0923', 'Administration (MONSE)', 'AGC4346', 1, 'Administrative', true),
    ('SRV0924', 'Violence Prevention', 'AGC4346', 1, 'Performance', true),
    ('SRV0925', 'Victim Services', 'AGC4346', 1, 'Performance', true),
    ('SRV0926', 'Re-Entry Services', 'AGC4346', 1, 'Performance', true),
    ('SRV0927', 'Neighborhood Stabilization', 'AGC4346', 1, 'Performance', true),
    ('SRV0928', 'Food Policy & Planning', 'AGC5700', 3, 'Performance', true),
    ('SRV0929', 'Capital Improvement Program', 'AGC5700', 6, 'Performance', true),
    ('SRV0930', 'Public Behavioral Health', 'AGC2700', 3, 'Performance', true),
    ('SRV0931', 'Office of Immigrant Affairs', 'AGC4393', 2, 'Performance', true),
    ('SRV9000', 'Capital Projects (HLT)', 'AGC2700', NULL, 'Performance', false),
    ('SRV9001', 'Capital Projects (BPD)', 'AGC5900', NULL, 'Performance', false),
    ('SRV9002', 'Capital Projects (CON)', 'AGC4361', NULL, 'Performance', false),
    ('SRV9003', 'Capital Projects (DGS)', 'AGC2600', NULL, 'Performance', false),
    ('SRV9004', 'Capital Projects (DPW)', 'AGC6100', NULL, 'Performance', false),
    ('SRV9005', 'Capital Projects (FIN)', 'AGC2300', NULL, 'Performance', false),
    ('SRV9006', 'Capital Projects (FIR)', 'AGC2500', NULL, 'Performance', false),
    ('SRV9007', 'Capital Projects (HCD)', 'AGC3100', NULL, 'Performance', false),
    ('SRV9008', 'Capital Projects (LIB)', 'AGC3900', NULL, 'Performance', false),
    ('SRV9011', 'Capital Projects (OIT)', 'AGC4303', NULL, 'Performance', false),
    ('SRV9012', 'Capital Projects (PLN)', 'AGC5700', NULL, 'Performance', false),
    ('SRV9013', 'Capital Projects (REC)', 'AGC6300', NULL, 'Performance', false),
    ('SRV0904', 'Office of Immigrant Affairs', 'AGC4301', 2, 'Performance', false),
    ('SRV9009', 'Capital Projects (MYR)', 'AGC4301', NULL, 'Performance', false)
ON CONFLICT (service_id) DO UPDATE SET
    service_name = EXCLUDED.service_name, agency_id = EXCLUDED.agency_id, pillar_id = EXCLUDED.pillar_id,
    service_type = EXCLUDED.service_type, active = EXCLUDED.active;

INSERT INTO reference.plan_entity (parent_agency_id, public_name, entity_type, has_own_plan, active)
VALUES
    ('AGC4301', 'Mayor''s Office', 'Other', false, true),
    ('AGC4301', 'Mayor''s Office of Performance and Innovation', 'MayoraltyOffice', true, true),
    ('AGC4301', 'Mayor''s Office of African American Male Engagement', 'MayoraltyOffice', true, true),
    ('AGC4301', 'Mayor''s Office of LGBTQ Affairs', 'MayoraltyOffice', true, true),
    ('AGC4301', 'Mayor''s Office of Infrastructure Development', 'MayoraltyOffice', true, true),
    ('AGC4301', 'Mayor''s Office of Older Adult Affairs and Advocacy', 'MayoraltyOffice', true, true),
    ('AGC4301', 'Baltimore City Mayor''s Office of Overdose Response', 'MayoraltyOffice', true, true),
    ('AGC4301', 'Mayor''s Office of Art, Culture, and Entertainment', 'MayoraltyOffice', true, true),
    ('AGC4301', 'Innovation Team', 'MayoraltyOffice', true, true),
    ('AGC4361', 'Baltimore Convention Center', 'QuasiAgency', true, true),
    ('AGC4361', 'CFG Bank Arena (Royal Farms Arena)', 'QuasiAgency', false, true),
    ('AGC4326', 'Visit Baltimore', 'QuasiAgency', true, true),
    ('AGC4326', 'Baltimore Heritage Area', 'QuasiAgency', true, true),
    ('AGC4326', 'Baltimore Public Markets', 'QuasiAgency', true, true),
    ('AGC4326', 'Lexington Market', 'QuasiAgency', true, true),
    ('AGC3100', 'Live Baltimore', 'QuasiAgency', true, true),
    ('AGC4356', 'Baltimore Museum of Art', 'QuasiAgency', true, true),
    ('AGC4356', 'Walters Art Gallery', 'QuasiAgency', true, true),
    ('AGC4356', 'Maryland Zoo', 'QuasiAgency', true, true),
    ('AGC4356', 'Baltimore Symphony Orchestra', 'QuasiAgency', true, true),
    ('AGC4356', 'Create Baltimore', 'QuasiAgency', true, true),
    ('AGC4316', 'Legal Aid', 'QuasiAgency', true, true),
    ('AGC4321', 'Family League', 'QuasiAgency', true, true),
    ('AGC3100', 'Baltimore Development Corporation', 'QuasiAgency', true, true),
    ('AGC7000', 'Parking Authority', 'QuasiAgency', true, true),
    ('AGC4326', 'Baltimore Civic Fund', 'QuasiAgency', true, true),
    ('AGC4326', 'Pride of Baltimore', 'QuasiAgency', true, true),
    ('AGC4321', 'Maryland School of the Blind', 'QuasiAgency', true, true),
    ('AGC4301', 'Mayor''s Office of Government Relations', 'MayoraltyOffice', true, true),
    ('AGC3100', 'Waterfront Partnership', 'QuasiAgency', true, true),
    ('AGC4321', 'Baltimore Children''s and Youth Fund', 'QuasiAgency', true, true)
ON CONFLICT (parent_agency_id, public_name) DO UPDATE SET
    entity_type = EXCLUDED.entity_type, has_own_plan = EXCLUDED.has_own_plan, active = EXCLUDED.active;

INSERT INTO reference.plan_entity_service (entity_id, service_id, is_primary)
SELECT pe.entity_id, seed.service_id, seed.is_primary
FROM (VALUES
    ('AGC4301', 'Mayor''s Office of Performance and Innovation', 'SRV0903', false),
    ('AGC4301', 'Mayor''s Office of African American Male Engagement', 'SRV0905', false),
    ('AGC4301', 'Mayor''s Office of LGBTQ Affairs', 'SRV0906', false),
    ('AGC4301', 'Mayor''s Office of Infrastructure Development', 'SRV0907', false),
    ('AGC4301', 'Mayor''s Office of Older Adult Affairs and Advocacy', 'SRV0908', false),
    ('AGC4301', 'Baltimore City Mayor''s Office of Overdose Response', 'SRV0918', false),
    ('AGC4301', 'Mayor''s Office of Art, Culture, and Entertainment', 'SRV0920', false),
    ('AGC4301', 'Innovation Team', 'SRV0125', false),
    ('AGC4361', 'Baltimore Convention Center', 'SRV0855', false),
    ('AGC4361', 'CFG Bank Arena (Royal Farms Arena)', 'SRV0540', false),
    ('AGC4326', 'Visit Baltimore', 'SRV0820', false),
    ('AGC4326', 'Baltimore Heritage Area', 'SRV0590', false),
    ('AGC4326', 'Baltimore Public Markets', 'SRV0590', false),
    ('AGC4326', 'Lexington Market', 'SRV0590', false),
    ('AGC3100', 'Live Baltimore', 'SRV0815', false),
    ('AGC4356', 'Baltimore Museum of Art', 'SRV0493', false),
    ('AGC4356', 'Walters Art Gallery', 'SRV0493', false),
    ('AGC4356', 'Maryland Zoo', 'SRV0493', false),
    ('AGC4356', 'Baltimore Symphony Orchestra', 'SRV0493', false),
    ('AGC4356', 'Create Baltimore', 'SRV0824', false),
    ('AGC4356', 'Create Baltimore', 'SRV0828', false),
    ('AGC4316', 'Legal Aid', 'SRV0385', false),
    ('AGC4321', 'Family League', 'SRV0385', false),
    ('AGC4321', 'Family League', 'SRV0446', false),
    ('AGC3100', 'Baltimore Development Corporation', 'SRV0809', true),
    ('AGC3100', 'Baltimore Development Corporation', 'SRV0810', false),
    ('AGC3100', 'Baltimore Development Corporation', 'SRV0813', false),
    ('AGC7000', 'Parking Authority', 'SRV0682', false),
    ('AGC4326', 'Pride of Baltimore', 'SRV0820', true),
    ('AGC4326', 'Baltimore Civic Fund', 'SRV0793', true),
    ('AGC4321', 'Maryland School of the Blind', 'SRV0385', true),
    ('AGC3100', 'Waterfront Partnership', 'SRV0811', true),
    ('AGC4321', 'Baltimore Children''s and Youth Fund', 'SRV0446', true),
    ('AGC4301', 'Mayor''s Office of Government Relations', 'SRV0125', true)
) AS seed(parent_agency_id, public_name, service_id, is_primary)
JOIN reference.plan_entity pe ON pe.parent_agency_id = seed.parent_agency_id AND pe.public_name = seed.public_name
ON CONFLICT (entity_id, service_id) DO UPDATE SET is_primary = EXCLUDED.is_primary;

