-- Generated from Group1_CityReference_Tables.xlsx.
-- Run against the local cob_performance Postgres database.
BEGIN;

-- pillar
CREATE TABLE IF NOT EXISTS "pillar" (
    "pillar_id" integer PRIMARY KEY,
    "pillar_name" text,
    "pillar_lead" text,
    "sort_order" integer,
    "updated_at" timestamptz
);
ALTER TABLE "pillar" ADD COLUMN IF NOT EXISTS "pillar_name" text;
ALTER TABLE "pillar" ADD COLUMN IF NOT EXISTS "pillar_lead" text;
ALTER TABLE "pillar" ADD COLUMN IF NOT EXISTS "sort_order" integer;
ALTER TABLE "pillar" ADD COLUMN IF NOT EXISTS "updated_at" timestamptz;
INSERT INTO "pillar" ("pillar_id", "pillar_name", "pillar_lead", "sort_order", "updated_at")
VALUES
    (1, 'Enhancing Public Safety', 'Samuel Johnson — Asst. Deputy Mayor, Public Safety (Acting)', 1, NULL),
    (2, 'Prioritizing Youth, Older Adults, and Vulnerable Communities', 'Dr. Letitia Dzirasa — Deputy Mayor, Health & Human Services', 2, NULL),
    (3, 'Clean, Healthy, and Sustainable Communities', 'Khalil Zaied — Deputy Mayor, Operations  |  Dr. Letitia Dzirasa — Deputy Mayor, Health & Human Services', 3, NULL),
    (4, 'Equitable Economic Development', 'Calvin Young — Deputy Mayor, Community & Economic Development', 4, NULL),
    (5, 'Responsible Stewardship of City Resources', 'Shamiah Kerney — Deputy City Administrator', 5, NULL),
    (6, 'Modernizing Public Infrastructure', 'Khalil Zaied — Deputy Mayor, Operations', 6, NULL)
ON CONFLICT ("pillar_id") DO UPDATE SET
    "pillar_name" = EXCLUDED."pillar_name", "pillar_lead" = EXCLUDED."pillar_lead", "sort_order" = EXCLUDED."sort_order", "updated_at" = EXCLUDED."updated_at";

-- pillar_goal
CREATE TABLE IF NOT EXISTS "pillar_goal" (
    "pillar_goal_id" integer PRIMARY KEY,
    "pillar_id" integer NOT NULL REFERENCES pillar(pillar_id),
    "goal_code" text NOT NULL UNIQUE,
    "goal_title" text NOT NULL,
    "goal_lead" text,
    "sort_order" integer
);
ALTER TABLE "pillar_goal" ADD COLUMN IF NOT EXISTS "pillar_id" integer NOT NULL REFERENCES pillar(pillar_id);
ALTER TABLE "pillar_goal" ADD COLUMN IF NOT EXISTS "goal_code" text NOT NULL UNIQUE;
ALTER TABLE "pillar_goal" ADD COLUMN IF NOT EXISTS "goal_title" text NOT NULL;
ALTER TABLE "pillar_goal" ADD COLUMN IF NOT EXISTS "goal_lead" text;
ALTER TABLE "pillar_goal" ADD COLUMN IF NOT EXISTS "sort_order" integer;
INSERT INTO "pillar_goal" ("pillar_goal_id", "pillar_id", "goal_code", "goal_title", "goal_lead", "sort_order")
VALUES
    (1, 1, '1.1', 'Disrupt Violent Networks, Stop Gun Trafficking, and Break the Cycle of Repeat Offending Through Evidence-Based Crime Reduction Strategies', NULL, 1),
    (2, 1, '1.2', 'Develop a National Model for 911 Diversion and Community-Based Interventions', NULL, 2),
    (3, 1, '1.3', 'Build a Culture of Accountability and Deliver Effective, Equitable Public Safety', NULL, 3),
    (4, 2, '2.1', 'Improve Citywide Academic Achievement', NULL, 4),
    (5, 2, '2.2', 'Create Comprehensive Employment, Career Pathways, and Mentorship Opportunities for Youth and Young Adults', NULL, 5),
    (6, 2, '2.3', 'Ensure that Older Adults Can Age with Dignity, Independence, and Security', NULL, 6),
    (23, 2, '2.4', 'Foster a Welcoming, Inclusive City Where Immigrants, LGBTQ Residents, and Other Historically Underserved Communities Thrive', NULL, 7),
    (7, 3, '3.1', 'Eliminate Environmental Health Disparities and Advance Environmental Justice', NULL, 8),
    (8, 3, '3.2', 'Improve Resident Health Through Expanded Outreach and Prevention Programs', NULL, 9),
    (9, 3, '3.3', 'Improve Neighborhood Livability Through Clean Streets and Green Spaces', NULL, 10),
    (10, 3, '3.4', 'Accelerate Transition to Sustainability and Zero Waste', NULL, 11),
    (11, 4, '4.1', 'Revitalize Neighborhoods Through Strategic, Equitable Investment that Expands Opportunity and Strengthens Communities', NULL, 12),
    (12, 4, '4.2', 'Position the City as a Competitive and Welcoming Destination for High-Growth, Value-Added Industries and Employers, Including Minority and Women-Owned Businesses', NULL, 13),
    (13, 4, '4.3', 'Build Workforce Development Systems for All Residents that Lead to Quality Jobs and Career Advancement', NULL, 14),
    (14, 5, '5.1', 'Maintain Strong Fiscal Health Through Disciplined Budget Management and Financial Accountability', NULL, 15),
    (15, 5, '5.2', 'Make the City of Baltimore an Employer of Choice', NULL, 16),
    (16, 5, '5.3', 'Deliver Excellent, Equitable Customer Service Across All City Agencies', NULL, 17),
    (17, 5, '5.4', 'Drive Innovation, Transparency, and Accountability to Improve City Decision-Making and Service Delivery', NULL, 18),
    (18, 5, '5.5', 'Engage Residents as Partners and Co-Creators in City Decision-Making', NULL, 19),
    (19, 6, '6.1', 'Maintain Safe, Functional, and Efficient City Facilities and Fleet', NULL, 20),
    (20, 6, '6.2', 'Maintain and Enhance the City''s Transportation Network to Ensure Safety, Reliability, and Efficient Mobility for All Users', NULL, 21),
    (21, 6, '6.3', 'Implement Government-Wide Technologies That Improve Resident and Employee Experience', NULL, 22),
    (22, 6, '6.4', 'Ensure Reliable, Well-Maintained, and Resilient Utility Systems that Meet Current and Future Demand', NULL, 23)
ON CONFLICT ("pillar_goal_id") DO UPDATE SET
    "pillar_id" = EXCLUDED."pillar_id", "goal_code" = EXCLUDED."goal_code", "goal_title" = EXCLUDED."goal_title", "goal_lead" = EXCLUDED."goal_lead", "sort_order" = EXCLUDED."sort_order";

-- agency
CREATE TABLE IF NOT EXISTS "agency" (
    "agency_id" text PRIMARY KEY,
    "agency_name" text,
    "public_name" text,
    "deputy_mayor_pillar" text,
    "submit_plan" boolean,
    "is_quasi" boolean,
    "active" boolean
);
ALTER TABLE "agency" ADD COLUMN IF NOT EXISTS "agency_name" text;
ALTER TABLE "agency" ADD COLUMN IF NOT EXISTS "public_name" text;
ALTER TABLE "agency" ADD COLUMN IF NOT EXISTS "deputy_mayor_pillar" text;
ALTER TABLE "agency" ADD COLUMN IF NOT EXISTS "submit_plan" boolean;
ALTER TABLE "agency" ADD COLUMN IF NOT EXISTS "is_quasi" boolean;
ALTER TABLE "agency" ADD COLUMN IF NOT EXISTS "active" boolean;
INSERT INTO "agency" ("agency_id", "agency_name", "public_name", "deputy_mayor_pillar", "submit_plan", "is_quasi", "active")
VALUES
    ('AGC1000', 'City Council', NULL, 'Independent — Legislative Branch', true, false, true),
    ('AGC1100', 'City Council Services', NULL, 'Independent — Legislative Branch', true, false, true),
    ('AGC1200', 'Comptroller', NULL, 'Independent — Elected Comptroller (Bill Henry)', true, false, true),
    ('AGC1311', 'Courts - Circuit Court', NULL, 'Independent — Judicial Branch (Circuit Court)', true, false, true),
    ('AGC1321', 'Courts - Orphans'' Court', NULL, 'Independent — Judicial Branch (Orphans Court)', true, false, true),
    ('AGC1900', 'Board of Elections', NULL, 'Khalil Zaied — Deputy Mayor, Operations', true, false, true),
    ('AGC2100', 'Employees'' Retirement Systems', 'Employees'' Retirement Systems', 'Shamiah Kerney — Deputy City Administrator', true, true, true),
    ('AGC2300', 'Finance', NULL, 'City Administrator — Faith Leach', true, false, true),
    ('AGC2500', 'Fire', NULL, 'Samuel Johnson — Asst. Deputy Mayor, Public Safety (Acting)', true, false, true),
    ('AGC2600', 'General Services', NULL, 'Khalil Zaied — Deputy Mayor, Operations', true, false, true),
    ('AGC2700', 'Health', NULL, 'Dr. Letitia Dzirasa — Deputy Mayor, Health & Human Services', true, false, true),
    ('AGC3100', 'Housing and Community Development', NULL, 'Calvin Young — Deputy Mayor, Community & Economic Development', true, false, true),
    ('AGC3300', 'Human Resources', NULL, 'Shamiah Kerney — Deputy City Administrator', true, false, true),
    ('AGC3500', 'Law', NULL, 'City Administrator — Faith Leach', true, false, true),
    ('AGC3700', 'Legislative Reference', NULL, 'Independent — Legislative Branch', true, false, true),
    ('AGC3900', 'Enoch Pratt Free Library', 'Enoch Pratt Free Library', 'Chief of Staff — John David Merrill', true, true, true),
    ('AGC4100', 'Liquor License Board', 'Liquor Board', 'Calvin Young — Deputy Mayor, Community & Economic Development', true, true, true),
    ('AGC4301', 'Mayoralty', 'Mayor''s Office', 'Mayor''s Office — Multiple portfolios', NULL, false, true),
    ('AGC4303', 'M-R Office of Information and Technology', 'Baltimore City Information Technology (BCIT)', 'Shamiah Kerney — Deputy City Administrator', true, false, true),
    ('AGC4306', 'M-R Contingent Fund', NULL, 'Mayor''s Office — Budget / Contingent Fund', false, false, true),
    ('AGC4307', 'M-R Innovation Fund', NULL, 'Shamiah Kerney — Deputy City Administrator', false, false, true),
    ('AGC4308', 'M-R Office of the Inspector General', 'Office of the Inspector General', 'Independent — Inspector General', true, false, true),
    ('AGC4309', 'M-R Office of Children and Family Success', 'Office of Children and Family Success', 'Dr. Letitia Dzirasa — Deputy Mayor, Health & Human Services', true, false, true),
    ('AGC4310', 'M-R Office of Small Minority Business Advocacy & Development', NULL, 'Calvin Young — Deputy Mayor, Community & Economic Development', true, false, true),
    ('AGC4311', 'M-R Miscellaneous General Expenses', NULL, 'Mayor''s Office — Budget / Misc. Expenses', false, false, true),
    ('AGC4312', 'M-R Debt Service', NULL, 'City Administrator — Faith Leach (Finance)', false, false, true),
    ('AGC4313', 'M-R Self-Insurance Fund', NULL, 'City Administrator — Faith Leach (Finance)', false, false, true),
    ('AGC4314', 'M-R Conditional Purchase Agreements', NULL, 'City Administrator — Faith Leach (Finance)', false, false, true),
    ('AGC4315', 'M-R TIF Debt Service', NULL, 'City Administrator — Faith Leach (Finance)', false, false, true),
    ('AGC4316', 'M-R Health and Welfare Grants', 'Health & Welfare Grants (Family Leage & Legal Aid )', 'Dr. Letitia Dzirasa — Deputy Mayor, Health & Human Services', false, true, true),
    ('AGC4317', 'M-R Consumer Protection and Business Licensing', 'Department of Consumer Protection and Business Licensing', 'Shamiah Kerney — Deputy City Administrator', false, false, true),
    ('AGC4321', 'M-R Educational Grants', 'Educational Grants (Family League and others)', 'Dr. Letitia Dzirasa — Deputy Mayor, Health & Human Services', false, true, true),
    ('AGC4326', 'M-R Civic Promotion', 'Civic Promotion (Visit Baltimore / Live Baltimore / Heritage Area / Lexington Market)', 'Chief of Staff — John David Merrill', false, true, true),
    ('AGC4341', 'M-R Office of the Labor Commissioner', 'Office of the Labor Commissioner', 'Shamiah Kerney — Deputy City Administrator', true, false, true),
    ('AGC4346', 'M-R Office of Neighborhood Safety and Engagement', 'Office of Neighborhood Safety and Engagement', 'Samuel Johnson — Asst. Deputy Mayor, Public Safety (Acting)', true, false, true),
    ('AGC4356', 'M-R Art and Culture', 'Art & Culture (BMA /  Symphony / Zoo / Create Baltimore)', 'Calvin Young — Deputy Mayor, Community & Economic Development', false, true, true),
    ('AGC4361', 'M-R Convention Complex', 'Convention Complex (BDC / Convention Center)', 'Calvin Young — Deputy Mayor, Community & Economic Development', false, true, true),
    ('AGC4364', 'M-R Convention Center Hotel', NULL, 'Calvin Young — Deputy Mayor, Community & Economic Development', false, false, true),
    ('AGC4366', 'M-R Cable and Communications', NULL, 'Chief of Staff — John David Merrill', true, false, true),
    ('AGC4371', 'M-R Baltimore City Public Schools', NULL, 'Independent — Baltimore City Public Schools', true, false, true),
    ('AGC4376', 'M-R Retirees'' Benefits', NULL, 'City Administrator — Faith Leach (Finance)', false, false, true),
    ('AGC4377', 'M-R Employees'' Retirement Contribution', NULL, 'City Administrator — Faith Leach (Finance)', false, false, true),
    ('AGC4381', 'M-R Office of Homeless Services', 'Office of Homeless Services', 'Dr. Letitia Dzirasa — Deputy Mayor, Health & Human Services', true, false, true),
    ('AGC4383', 'M-R Environmental Control Board', 'Environmental Control Board', 'Shamiah Kerney — Deputy City Administrator', true, true, true),
    ('AGC4392', 'M-R Office of Recovery Programs', 'Office of Recovery Programs', 'Shamiah Kerney — Deputy City Administrator', true, false, true),
    ('AGC4393', 'M-R Office of Immigrant Affairs', 'Office of Immigrant and Multicultural Affairs', 'Chief of Staff — John David Merrill', true, false, true),
    ('AGC4500', 'M-R Office of Employment Development', 'Office of Employment Development', 'Calvin Young — Deputy Mayor, Community & Economic Development', true, false, true),
    ('AGC5500', 'Office of Equity and Civil Rights', 'Office of Equity and Civil Rights', 'Shamiah Kerney — Deputy City Administrator', true, false, true),
    ('AGC5700', 'Planning', NULL, 'Calvin Young — Deputy Mayor, Community & Economic Development', true, false, true),
    ('AGC5900', 'Police', NULL, 'Samuel Johnson — Asst. Deputy Mayor, Public Safety (Acting)', true, false, true),
    ('AGC6100', 'Public Works', NULL, 'Khalil Zaied — Deputy Mayor, Operations', true, false, true),
    ('AGC6300', 'Recreation and Parks', NULL, 'Dr. Letitia Dzirasa — Deputy Mayor, Health & Human Services', true, false, true),
    ('AGC6500', 'Sheriff', 'Sheriff''s Office', 'Independent — Elected Sheriff', true, false, true),
    ('AGC6900', 'State''s Attorney', 'State''s Attorney''s Office', 'Independent — Elected State''s Attorney', true, true, true),
    ('AGC7000', 'Transportation', NULL, 'Khalil Zaied — Deputy Mayor, Operations', true, false, true),
    ('AGC7900', 'Municipal and Zoning Appeals', 'Board of Municipal and Zoning Appeals', 'City Administrator — Faith Leach', true, false, true),
    ('AGC9900', 'CAFR Adjustments', NULL, 'City Administrator — Faith Leach (Finance)', false, false, true)
ON CONFLICT ("agency_id") DO UPDATE SET
    "agency_name" = EXCLUDED."agency_name", "public_name" = EXCLUDED."public_name", "deputy_mayor_pillar" = EXCLUDED."deputy_mayor_pillar", "submit_plan" = EXCLUDED."submit_plan", "is_quasi" = EXCLUDED."is_quasi", "active" = EXCLUDED."active";

-- service
CREATE TABLE IF NOT EXISTS "service" (
    "service_id" text PRIMARY KEY,
    "service_name" text,
    "agency_id" text REFERENCES agency(agency_id),
    "service_type" text,
    "pillar_id" integer REFERENCES pillar(pillar_id),
    "pillar_name" text,
    "active" boolean
);
ALTER TABLE "service" ADD COLUMN IF NOT EXISTS "service_name" text;
ALTER TABLE "service" ADD COLUMN IF NOT EXISTS "agency_id" text REFERENCES agency(agency_id);
ALTER TABLE "service" ADD COLUMN IF NOT EXISTS "service_type" text;
ALTER TABLE "service" ADD COLUMN IF NOT EXISTS "pillar_id" integer REFERENCES pillar(pillar_id);
ALTER TABLE "service" ADD COLUMN IF NOT EXISTS "pillar_name" text;
ALTER TABLE "service" ADD COLUMN IF NOT EXISTS "active" boolean;
INSERT INTO "service" ("service_id", "service_name", "agency_id", "service_type", "pillar_id", "pillar_name", "active")
VALUES
    ('SRV0100', 'City Council', 'AGC1000', 'Performance', 5, 'Responsible Stewardship of City Resources', true),
    ('SRV0103', 'Council Services', 'AGC1100', 'Performance', 5, 'Responsible Stewardship of City Resources', true),
    ('SRV0106', 'Legislative Reference Services', 'AGC3700', 'Performance', 5, 'Responsible Stewardship of City Resources', true),
    ('SRV0107', 'Archives and Records Management', 'AGC3700', 'Performance', 5, 'Responsible Stewardship of City Resources', true),
    ('SRV0109', 'Administration - Children and Family Success', 'AGC4309', 'Administrative', 2, 'Prioritizing Youth, Older Adults, and Vulnerable Communities', true),
    ('SRV0110', 'Circuit Court', 'AGC1311', 'Performance', 1, 'Enhancing Public Safety', true),
    ('SRV0111', 'Economic Recovery', 'AGC4392', 'Performance', NULL, NULL, true),
    ('SRV0115', 'Prosecution of Criminals', 'AGC6900', 'Performance', 1, 'Enhancing Public Safety', true),
    ('SRV0117', 'Adjudication of Environmental Citations', 'AGC4383', 'Performance', 4, 'Equitable Economic Development', true),
    ('SRV0121', 'Contingent Fund', 'AGC4306', 'Performance', NULL, NULL, true),
    ('SRV0122', 'Miscellaneous General Expenses', 'AGC4311', 'Performance', NULL, NULL, true),
    ('SRV0123', 'General Debt Service', 'AGC4312', 'Performance', NULL, NULL, true),
    ('SRV0124', 'TIF Debt Service', 'AGC4315', 'Performance', NULL, NULL, true),
    ('SRV0125', 'Executive Direction and Control - Mayoralty', 'AGC4301', 'Administrative', 5, 'Responsible Stewardship of City Resources', true),
    ('SRV0126', 'Contribution to Self-Insurance Fund', 'AGC4313', 'Performance', NULL, NULL, true),
    ('SRV0128', 'Labor Contract Negotiations and Administration', 'AGC4341', 'Administrative', 5, 'Responsible Stewardship of City Resources', true),
    ('SRV0129', 'Conditional Purchase Agreement Payments', 'AGC4314', 'Performance', NULL, NULL, true),
    ('SRV0130', 'Executive Direction and Control - Comptroller', 'AGC1200', 'Administrative', 5, 'Responsible Stewardship of City Resources', true),
    ('SRV0131', 'Audits', 'AGC1200', 'Performance', 5, 'Responsible Stewardship of City Resources', true),
    ('SRV0132', 'Real Estate Acquisition and Management', 'AGC1200', 'Performance', 4, 'Equitable Economic Development', true),
    ('SRV0133', 'Municipal Telephone Exchange', 'AGC1200', 'Performance', 5, 'Responsible Stewardship of City Resources', true),
    ('SRV0136', 'Municipal Post Office', 'AGC1200', 'Performance', 5, 'Responsible Stewardship of City Resources', true),
    ('SRV0148', 'Revenue Collection', 'AGC2300', 'Performance', 5, 'Responsible Stewardship of City Resources', true),
    ('SRV0150', 'Treasury and Debt Management', 'AGC2300', 'Performance', 5, 'Responsible Stewardship of City Resources', true),
    ('SRV0152', 'Employees'' Retirement System - Administration', 'AGC2100', 'Administrative', 5, 'Responsible Stewardship of City Resources', true),
    ('SRV0154', 'Fire and Police Retirement System - Administration', 'AGC2100', 'Administrative', 5, 'Responsible Stewardship of City Resources', true),
    ('SRV0155', 'Retirement Savings Plan', 'AGC2100', 'Performance', 5, 'Responsible Stewardship of City Resources', true),
    ('SRV0168', 'Municipal Broadband', 'AGC4303', 'Performance', 5, 'Responsible Stewardship of City Resources', true),
    ('SRV0185', 'Board of Municipal and Zoning Appeals', 'AGC7900', 'Performance', 4, 'Equitable Economic Development', true),
    ('SRV0189', 'Fleet Management', 'AGC2600', 'Performance', 5, 'Responsible Stewardship of City Resources', true),
    ('SRV0303', 'Clinical Services', 'AGC2700', 'Performance', 3, 'Clean, Healthy, and Sustainable Communities', true),
    ('SRV0305', 'Healthy Homes', 'AGC2700', 'Performance', 3, 'Clean, Healthy, and Sustainable Communities', true),
    ('SRV0307', 'Substance Use Disorder and Mental Health', 'AGC2700', 'Performance', 3, 'Clean, Healthy, and Sustainable Communities', true),
    ('SRV0308', 'Maternal and Child Health', 'AGC2700', 'Performance', 2, 'Prioritizing Youth, Older Adults, and Vulnerable Communities', true),
    ('SRV0310', 'School Health Services', 'AGC2700', 'Performance', 2, 'Prioritizing Youth, Older Adults, and Vulnerable Communities', true),
    ('SRV0311', 'Health Services for Seniors', 'AGC2700', 'Performance', 2, 'Prioritizing Youth, Older Adults, and Vulnerable Communities', true),
    ('SRV0315', 'Emergency Services - Health', 'AGC2700', 'Performance', 3, 'Clean, Healthy, and Sustainable Communities', true),
    ('SRV0316', 'Youth and Trauma Services', 'AGC2700', 'Performance', 2, 'Prioritizing Youth, Older Adults, and Vulnerable Communities', true),
    ('SRV0351', 'Retirees''  Benefits', 'AGC4376', 'Performance', NULL, NULL, true),
    ('SRV0352', 'Baltimore City Public Schools', 'AGC4371', 'Performance', 2, 'Prioritizing Youth, Older Adults, and Vulnerable Communities', true),
    ('SRV0355', 'Employees'' Retirement Contribution', 'AGC4377', 'Performance', NULL, NULL, true),
    ('SRV0356', 'Administration - Homeless Services', 'AGC4381', 'Administrative', 3, 'Clean, Healthy, and Sustainable Communities', true),
    ('SRV0385', 'Health and Welfare Grants', 'AGC4316', 'Performance', 2, 'Prioritizing Youth, Older Adults, and Vulnerable Communities', true),
    ('SRV0446', 'Educational Grants', 'AGC4321', 'Performance', 2, 'Prioritizing Youth, Older Adults, and Vulnerable Communities', true),
    ('SRV0493', 'Art and Culture Grants', 'AGC4356', 'Performance', 4, 'Equitable Economic Development', true),
    ('SRV0500', 'Street Lighting', 'AGC7000', 'Performance', 1, 'Enhancing Public Safety', true),
    ('SRV0535', 'Convention Center Hotel', 'AGC4364', 'Performance', 4, 'Equitable Economic Development', true),
    ('SRV0540', 'Royal Farms Arena Operations', 'AGC4361', 'Performance', 4, 'Equitable Economic Development', true),
    ('SRV0548', 'Conduits', 'AGC7000', 'Performance', 6, 'Modernizing Public Infrastructure', true),
    ('SRV0590', 'Civic Promotion Grants', 'AGC4326', 'Performance', 4, 'Equitable Economic Development', true),
    ('SRV0593', 'Community Support Projects', 'AGC3100', 'Performance', 4, 'Equitable Economic Development', true),
    ('SRV0600', 'Administration - Fire', 'AGC2500', 'Administrative', 1, 'Enhancing Public Safety', true),
    ('SRV0602', 'Fire Suppression and Emergency Rescue', 'AGC2500', 'Performance', 1, 'Enhancing Public Safety', true),
    ('SRV0604', 'Before and After Care', 'AGC3100', 'Performance', 2, 'Prioritizing Youth, Older Adults, and Vulnerable Communities', true),
    ('SRV0605', 'Head Start', 'AGC4309', 'Performance', 2, 'Prioritizing Youth, Older Adults, and Vulnerable Communities', true),
    ('SRV0608', 'Emergency Management', 'AGC2500', 'Performance', 1, 'Enhancing Public Safety', true),
    ('SRV0609', 'Emergency Medical Services', 'AGC2500', 'Performance', 1, 'Enhancing Public Safety', true),
    ('SRV0610', 'Fire and Emergency Community Outreach', 'AGC2500', 'Performance', 1, 'Enhancing Public Safety', true),
    ('SRV0611', 'Fire Code Enforcement', 'AGC2500', 'Performance', 1, 'Enhancing Public Safety', true),
    ('SRV0612', 'Fire Investigation', 'AGC2500', 'Performance', 1, 'Enhancing Public Safety', true),
    ('SRV0613', 'Fire Facilities Maintenance and Replacement', 'AGC2500', 'Performance', 1, 'Enhancing Public Safety', true),
    ('SRV0614', 'Fire Communications and Dispatch', 'AGC2500', 'Performance', 1, 'Enhancing Public Safety', true),
    ('SRV0615', 'Fire Training and Education', 'AGC2500', 'Performance', 1, 'Enhancing Public Safety', true),
    ('SRV0617', 'Criminal Justice Coordination', 'AGC4346', 'Performance', 1, 'Enhancing Public Safety', true),
    ('SRV0618', 'Neighborhood Safety and Engagement', 'AGC4346', 'Performance', 1, 'Enhancing Public Safety', true),
    ('SRV0619', 'Community Empowerment and Opportunity', 'AGC4346', 'Performance', 1, 'Enhancing Public Safety', true),
    ('SRV0621', 'Administrative Bureau', 'AGC5900', 'Administrative', 1, 'Enhancing Public Safety', true),
    ('SRV0622', 'Police Patrol', 'AGC5900', 'Performance', 1, 'Enhancing Public Safety', true),
    ('SRV0623', 'Criminal Investigation Division', 'AGC5900', 'Performance', 1, 'Enhancing Public Safety', true),
    ('SRV0626', 'Data Driven Strategies', 'AGC5900', 'Performance', 1, 'Enhancing Public Safety', true),
    ('SRV0628', 'Public Integrity Bureau', 'AGC5900', 'Performance', 1, 'Enhancing Public Safety', true),
    ('SRV0635', 'Recruitment Section', 'AGC5900', 'Performance', 1, 'Enhancing Public Safety', true),
    ('SRV0642', 'Crime Laboratory and Evidence Control', 'AGC5900', 'Performance', 1, 'Enhancing Public Safety', true),
    ('SRV0644', 'Administration - Recreation and Parks', 'AGC6300', 'Administrative', 3, 'Clean, Healthy, and Sustainable Communities', true),
    ('SRV0645', 'Aquatics', 'AGC6300', 'Performance', 2, 'Prioritizing Youth, Older Adults, and Vulnerable Communities', true),
    ('SRV0646', 'Park Maintenance', 'AGC6300', 'Performance', 6, 'Modernizing Public Infrastructure', true),
    ('SRV0647', 'Youth and Adult Sports', 'AGC6300', 'Performance', 2, 'Prioritizing Youth, Older Adults, and Vulnerable Communities', true),
    ('SRV0648', 'Community Recreation Centers', 'AGC6300', 'Performance', 2, 'Prioritizing Youth, Older Adults, and Vulnerable Communities', true),
    ('SRV0649', 'Special Facilities Management - Recreation', 'AGC6300', 'Performance', 6, 'Modernizing Public Infrastructure', true),
    ('SRV0650', 'Horticulture', 'AGC6300', 'Performance', 3, 'Clean, Healthy, and Sustainable Communities', true),
    ('SRV0651', 'Recreation for Older Adults', 'AGC6300', 'Performance', 2, 'Prioritizing Youth, Older Adults, and Vulnerable Communities', true),
    ('SRV0652', 'Therapeutic Recreation', 'AGC6300', 'Performance', 2, 'Prioritizing Youth, Older Adults, and Vulnerable Communities', true),
    ('SRV0653', 'Park Programs and Events', 'AGC6300', 'Performance', 3, 'Clean, Healthy, and Sustainable Communities', true),
    ('SRV0654', 'Urban Forestry', 'AGC6300', 'Performance', 3, 'Clean, Healthy, and Sustainable Communities', true),
    ('SRV0656', 'Wage Investigation and Enforcement', 'AGC5500', 'Performance', 4, 'Equitable Economic Development', true),
    ('SRV0660', 'Administration - Solid Waste', 'AGC6100', 'Administrative', 3, 'Clean, Healthy, and Sustainable Communities', true),
    ('SRV0661', 'Public Right-of-Way Cleaning', 'AGC6100', 'Performance', 3, 'Clean, Healthy, and Sustainable Communities', true),
    ('SRV0662', 'Vacant and Abandoned Property Cleaning and Boarding', 'AGC6100', 'Performance', 3, 'Clean, Healthy, and Sustainable Communities', true),
    ('SRV0663', 'Waste Removal and Recycling', 'AGC6100', 'Performance', 3, 'Clean, Healthy, and Sustainable Communities', true),
    ('SRV0664', 'Waste Re-Use and Disposal', 'AGC6100', 'Performance', 3, 'Clean, Healthy, and Sustainable Communities', true),
    ('SRV0670', 'Administration - Water and Wastewater', 'AGC6100', 'Administrative', 3, 'Clean, Healthy, and Sustainable Communities', true),
    ('SRV0671', 'Water Management', 'AGC6100', 'Performance', 3, 'Clean, Healthy, and Sustainable Communities', true),
    ('SRV0672', 'Water and Wastewater Consumer Services', 'AGC6100', 'Performance', 3, 'Clean, Healthy, and Sustainable Communities', true),
    ('SRV0673', 'Wastewater Management', 'AGC6100', 'Performance', 3, 'Clean, Healthy, and Sustainable Communities', true),
    ('SRV0674', 'Surface Water Management', 'AGC6100', 'Performance', 3, 'Clean, Healthy, and Sustainable Communities', true),
    ('SRV0675', 'Engineering and Construction Management - Water and Wastewater', 'AGC6100', 'Performance', 6, 'Modernizing Public Infrastructure', true),
    ('SRV0676', 'Administration - DPW', 'AGC6100', 'Administrative', 3, 'Clean, Healthy, and Sustainable Communities', true),
    ('SRV0681', 'Administration - DOT', 'AGC7000', 'Administrative', 6, 'Modernizing Public Infrastructure', true),
    ('SRV0682', 'Parking Management', 'AGC7000', 'Performance', 6, 'Modernizing Public Infrastructure', true),
    ('SRV0683', 'Street Management', 'AGC7000', 'Performance', 6, 'Modernizing Public Infrastructure', true),
    ('SRV0684', 'Traffic Management', 'AGC7000', 'Performance', 6, 'Modernizing Public Infrastructure', true),
    ('SRV0685', 'Special Events', 'AGC7000', 'Performance', 4, 'Equitable Economic Development', true),
    ('SRV0687', 'Inner Harbor Services - Transportation', 'AGC7000', 'Performance', 4, 'Equitable Economic Development', true),
    ('SRV0688', 'Snow and Ice Control', 'AGC7000', 'Performance', 6, 'Modernizing Public Infrastructure', true),
    ('SRV0689', 'Vehicle Impounding and Disposal', 'AGC7000', 'Performance', 1, 'Enhancing Public Safety', true),
    ('SRV0690', 'Sustainable Transportation', 'AGC7000', 'Performance', 6, 'Modernizing Public Infrastructure', true),
    ('SRV0691', 'Public Rights-of-Way Landscape Management', 'AGC7000', 'Performance', 3, 'Clean, Healthy, and Sustainable Communities', true),
    ('SRV0692', 'Bridge and Culvert Management', 'AGC7000', 'Performance', 6, 'Modernizing Public Infrastructure', true),
    ('SRV0693', 'Parking Enforcement', 'AGC7000', 'Performance', 6, 'Modernizing Public Infrastructure', true),
    ('SRV0694', 'Survey Control', 'AGC7000', 'Performance', 6, 'Modernizing Public Infrastructure', true),
    ('SRV0695', 'Dock Master', 'AGC7000', 'Performance', 4, 'Equitable Economic Development', true),
    ('SRV0696', 'Street Cuts Management', 'AGC7000', 'Performance', 6, 'Modernizing Public Infrastructure', true),
    ('SRV0697', 'Traffic Safety', 'AGC7000', 'Performance', 1, 'Enhancing Public Safety', true),
    ('SRV0698', 'Administration - Finance', 'AGC2300', 'Administrative', 5, 'Responsible Stewardship of City Resources', true),
    ('SRV0699', 'Procurement', 'AGC2300', 'Performance', 5, 'Responsible Stewardship of City Resources', true),
    ('SRV0700', 'Surplus Property Disposal', 'AGC2300', 'Performance', 5, 'Responsible Stewardship of City Resources', true),
    ('SRV0701', 'Printing Services', 'AGC2300', 'Performance', 5, 'Responsible Stewardship of City Resources', true),
    ('SRV0702', 'Accounts Payable', 'AGC2300', 'Performance', 5, 'Responsible Stewardship of City Resources', true),
    ('SRV0703', 'Payroll', 'AGC2300', 'Performance', 5, 'Responsible Stewardship of City Resources', true),
    ('SRV0704', 'Accounting', 'AGC2300', 'Performance', 5, 'Responsible Stewardship of City Resources', true),
    ('SRV0707', 'Risk Management for Employee Injuries', 'AGC2300', 'Performance', 5, 'Responsible Stewardship of City Resources', true),
    ('SRV0708', 'Operating Budget Management', 'AGC2300', 'Performance', 5, 'Responsible Stewardship of City Resources', true),
    ('SRV0710', 'Fiscal Integrity and Recovery', 'AGC2300', 'Performance', 5, 'Responsible Stewardship of City Resources', true),
    ('SRV0711', 'Finance Project Management', 'AGC2300', 'Performance', 5, 'Responsible Stewardship of City Resources', true),
    ('SRV0715', 'Administration - Health', 'AGC2700', 'Administrative', 3, 'Clean, Healthy, and Sustainable Communities', true),
    ('SRV0716', 'Animal Services', 'AGC2700', 'Performance', 3, 'Clean, Healthy, and Sustainable Communities', true),
    ('SRV0717', 'Environmental Inspection Services', 'AGC2700', 'Performance', 3, 'Clean, Healthy, and Sustainable Communities', true),
    ('SRV0718', 'Chronic Disease Prevention', 'AGC2700', 'Performance', 3, 'Clean, Healthy, and Sustainable Communities', true),
    ('SRV0720', 'HIV Treatment Services for the Uninsured', 'AGC2700', 'Performance', 3, 'Clean, Healthy, and Sustainable Communities', true),
    ('SRV0721', 'Senior Centers', 'AGC2700', 'Performance', 2, 'Prioritizing Youth, Older Adults, and Vulnerable Communities', true),
    ('SRV0722', 'Administration - CARE', 'AGC2700', 'Administrative', 2, 'Prioritizing Youth, Older Adults, and Vulnerable Communities', true),
    ('SRV0723', 'Advocacy for Seniors', 'AGC2700', 'Performance', 2, 'Prioritizing Youth, Older Adults, and Vulnerable Communities', true),
    ('SRV0724', 'Direct Care and Support Planning', 'AGC2700', 'Performance', 2, 'Prioritizing Youth, Older Adults, and Vulnerable Communities', true),
    ('SRV0725', 'Community Services for Seniors', 'AGC2700', 'Performance', 2, 'Prioritizing Youth, Older Adults, and Vulnerable Communities', true),
    ('SRV0726', 'Administration - General Services', 'AGC2600', 'Administrative', 6, 'Modernizing Public Infrastructure', true),
    ('SRV0727', 'Real Property Management', 'AGC7000', 'Performance', 6, 'Modernizing Public Infrastructure', true),
    ('SRV0730', 'Public and Private Energy Performance', 'AGC2600', 'Performance', 3, 'Clean, Healthy, and Sustainable Communities', true),
    ('SRV0731', 'Facilities Management', 'AGC2600', 'Performance', 6, 'Modernizing Public Infrastructure', true),
    ('SRV0734', 'Capital Projects Division - Design and Construction', 'AGC2600', 'Performance', 6, 'Modernizing Public Infrastructure', true),
    ('SRV0737', 'Administration - HCD', 'AGC3100', 'Administrative', 4, 'Equitable Economic Development', true),
    ('SRV0738', 'Weatherization Services', 'AGC3100', 'Performance', 4, 'Equitable Economic Development', true),
    ('SRV0741', 'Community Action Partnership', 'AGC4309', 'Performance', 2, 'Prioritizing Youth, Older Adults, and Vulnerable Communities', true),
    ('SRV0742', 'Promote Homeownership', 'AGC3100', 'Performance', 4, 'Equitable Economic Development', true),
    ('SRV0745', 'Housing Code Enforcement', 'AGC3100', 'Performance', 4, 'Equitable Economic Development', true),
    ('SRV0747', 'Register and License Properties and Contractors', 'AGC3100', 'Performance', 4, 'Equitable Economic Development', true),
    ('SRV0748', 'Affordable Housing', 'AGC3100', 'Performance', 4, 'Equitable Economic Development', true),
    ('SRV0749', 'Property Acquisition, Disposition and Asset Management', 'AGC3100', 'Performance', 4, 'Equitable Economic Development', true),
    ('SRV0750', 'Housing Rehabilitation Services', 'AGC3100', 'Performance', 4, 'Equitable Economic Development', true),
    ('SRV0751', 'Building Codes Permitting, Inspections, and Compliance', 'AGC3100', 'Performance', 4, 'Equitable Economic Development', true),
    ('SRV0752', 'Community Outreach Services', 'AGC3100', 'Performance', 3, 'Clean, Healthy, and Sustainable Communities', true),
    ('SRV0754', 'Summer Food Service Program', 'AGC3100', 'Performance', 2, 'Prioritizing Youth, Older Adults, and Vulnerable Communities', true),
    ('SRV0757', 'CitiWatch', 'AGC4303', 'Performance', 1, 'Enhancing Public Safety', true),
    ('SRV0758', 'Coordination of Public Safety Strategy - Administration', 'AGC4346', 'Administrative', 1, 'Enhancing Public Safety', true),
    ('SRV0761', 'Development Oversight and Project Support', 'AGC5700', 'Performance', 4, 'Equitable Economic Development', true),
    ('SRV0762', 'Historic Preservation', 'AGC5700', 'Performance', 4, 'Equitable Economic Development', true),
    ('SRV0763', 'Comprehensive Planning and Resource Management', 'AGC5700', 'Performance', 6, 'Modernizing Public Infrastructure', true),
    ('SRV0765', 'Planning for a Sustainable Baltimore', 'AGC5700', 'Performance', 3, 'Clean, Healthy, and Sustainable Communities', true),
    ('SRV0768', 'Administration - Planning', 'AGC5700', 'Administrative', 4, 'Equitable Economic Development', true),
    ('SRV0770', 'Administration - Human Resources', 'AGC3300', 'Administrative', 5, 'Responsible Stewardship of City Resources', true),
    ('SRV0771', 'Benefits Administration', 'AGC3300', 'Administrative', 5, 'Responsible Stewardship of City Resources', true),
    ('SRV0772', 'Civil Service Management', 'AGC3300', 'Performance', 5, 'Responsible Stewardship of City Resources', true),
    ('SRV0773', 'Learning and Development', 'AGC3300', 'Performance', 5, 'Responsible Stewardship of City Resources', true),
    ('SRV0781', 'Administration - State''s Attorney', 'AGC6900', 'Administrative', 1, 'Enhancing Public Safety', true),
    ('SRV0786', 'Victim and Witness Services', 'AGC6900', 'Performance', 1, 'Enhancing Public Safety', true),
    ('SRV0788', 'Information Services', 'AGC3900', 'Performance', 2, 'Prioritizing Youth, Older Adults, and Vulnerable Communities', true),
    ('SRV0791', 'BCPS Alternative Options Academy for Youth', 'AGC4500', 'Performance', 2, 'Prioritizing Youth, Older Adults, and Vulnerable Communities', true),
    ('SRV0792', 'Workforce Public Assistance', 'AGC4500', 'Performance', 4, 'Equitable Economic Development', true),
    ('SRV0793', 'Employment Enhancement Services for Baltimore City Residents', 'AGC4500', 'Performance', 4, 'Equitable Economic Development', true),
    ('SRV0794', 'Administration - MOED', 'AGC4500', 'Administrative', 4, 'Equitable Economic Development', true),
    ('SRV0795', 'Workforce Services for Baltimore Residents', 'AGC4500', 'Performance', 4, 'Equitable Economic Development', true),
    ('SRV0796', 'Workforce Services for Ex-Offenders', 'AGC4500', 'Performance', 1, 'Enhancing Public Safety', true),
    ('SRV0797', 'Workforce Services for Out of School Youth - Youth Opportunity', 'AGC4500', 'Performance', 2, 'Prioritizing Youth, Older Adults, and Vulnerable Communities', true),
    ('SRV0798', 'Youth Works Summer Job Program', 'AGC4500', 'Performance', 2, 'Prioritizing Youth, Older Adults, and Vulnerable Communities', true),
    ('SRV0800', 'Workforce Services for WIOA Funded Youth', 'AGC4500', 'Performance', 2, 'Prioritizing Youth, Older Adults, and Vulnerable Communities', true),
    ('SRV0802', 'Administration', 'AGC4303', 'Administrative', 5, 'Responsible Stewardship of City Resources', true),
    ('SRV0803', 'Enterprise Innovation and Application Services', 'AGC4303', 'Performance', 5, 'Responsible Stewardship of City Resources', true),
    ('SRV0804', '311 Call Center', 'AGC4303', 'Performance', 5, 'Responsible Stewardship of City Resources', true),
    ('SRV0805', 'Enterprise IT Delivery Services', 'AGC4303', 'Performance', 5, 'Responsible Stewardship of City Resources', true),
    ('SRV0807', 'Compliance Bureau', 'AGC5900', 'Performance', 1, 'Enhancing Public Safety', true),
    ('SRV0809', 'Retention, Expansion, and Attraction of Businesses', 'AGC3100', 'Performance', 4, 'Equitable Economic Development', true),
    ('SRV0810', 'Real Estate Development', 'AGC3100', 'Performance', 4, 'Equitable Economic Development', true),
    ('SRV0811', 'Inner Harbor Coordination', 'AGC3100', 'Performance', 4, 'Equitable Economic Development', true),
    ('SRV0813', 'Technology Development - Emerging Technology Center', 'AGC3100', 'Performance', 4, 'Equitable Economic Development', true),
    ('SRV0815', 'Live Baltimore', 'AGC3100', 'Performance', 4, 'Equitable Economic Development', true),
    ('SRV0816', 'Special Operations Section', 'AGC5900', 'Performance', 1, 'Enhancing Public Safety', true),
    ('SRV0817', 'Orphans'' Court', 'AGC1321', 'Performance', 2, 'Prioritizing Youth, Older Adults, and Vulnerable Communities', true),
    ('SRV0820', 'Convention Sales and Tourism Marketing', 'AGC4326', 'Performance', 4, 'Equitable Economic Development', true),
    ('SRV0824', 'Events, Art, Culture, and Film', 'AGC4356', 'Performance', 4, 'Equitable Economic Development', true),
    ('SRV0828', 'Bromo Seltzer Arts Tower', 'AGC4356', 'Performance', 4, 'Equitable Economic Development', true),
    ('SRV0833', 'Innovation Fund', 'AGC4307', 'Performance', NULL, NULL, true),
    ('SRV0834', 'MWB Opportunity Office', 'AGC4310', 'Performance', 4, 'Equitable Economic Development', true),
    ('SRV0836', 'Inspector General', 'AGC4308', 'Performance', 5, 'Responsible Stewardship of City Resources', true),
    ('SRV0844', 'Equity & Inclusion', 'AGC5500', 'Performance', 2, 'Prioritizing Youth, Older Adults, and Vulnerable Communities', true),
    ('SRV0846', 'Discrimination Investigations, Resolutions and Concilations', 'AGC5500', 'Performance', 5, 'Responsible Stewardship of City Resources', true),
    ('SRV0848', 'Police Community Relations', 'AGC5500', 'Performance', 1, 'Enhancing Public Safety', true),
    ('SRV0849', 'Police Civilian Oversight', 'AGC5500', 'Performance', 1, 'Enhancing Public Safety', true),
    ('SRV0850', 'Liquor Licensing', 'AGC4100', 'Performance', 4, 'Equitable Economic Development', true),
    ('SRV0851', 'Liquor License Compliance', 'AGC4100', 'Performance', 1, 'Enhancing Public Safety', true),
    ('SRV0853', 'Patrol Support Services', 'AGC5900', 'Performance', 1, 'Enhancing Public Safety', true),
    ('SRV0855', 'Convention Center', 'AGC4361', 'Performance', 4, 'Equitable Economic Development', true),
    ('SRV0857', 'Convention Center Debt Service', 'AGC4361', 'Performance', NULL, NULL, true),
    ('SRV0860', 'Administration - Law', 'AGC3500', 'Administrative', 5, 'Responsible Stewardship of City Resources', true),
    ('SRV0861', 'Controversies', 'AGC3500', 'Performance', 5, 'Responsible Stewardship of City Resources', true),
    ('SRV0862', 'Transactions', 'AGC3500', 'Performance', 5, 'Responsible Stewardship of City Resources', true),
    ('SRV0869', 'Minority and Women''s Business Opportunity Office', 'AGC3500', 'Performance', 4, 'Equitable Economic Development', true),
    ('SRV0871', 'Police Legal Affairs', 'AGC3500', 'Performance', 1, 'Enhancing Public Safety', true),
    ('SRV0872', 'Workers’ Compensation Practice', 'AGC3500', 'Performance', 5, 'Responsible Stewardship of City Resources', true),
    ('SRV0873', 'Broadband and Digital Equity', 'AGC4303', 'Performance', 6, 'Modernizing Public Infrastructure', true),
    ('SRV0876', 'Media Production', 'AGC4366', 'Performance', 5, 'Responsible Stewardship of City Resources', true),
    ('SRV0881', 'Courthouse Security', 'AGC6500', 'Performance', 1, 'Enhancing Public Safety', true),
    ('SRV0882', 'Deputy Sheriff Enforcement', 'AGC6500', 'Performance', 1, 'Enhancing Public Safety', true),
    ('SRV0883', 'Service of Protective and Peace Orders', 'AGC6500', 'Performance', 1, 'Enhancing Public Safety', true),
    ('SRV0884', 'District Court Sheriff Services', 'AGC6500', 'Performance', 1, 'Enhancing Public Safety', true),
    ('SRV0889', 'Child Support Enforcement', 'AGC6500', 'Performance', 1, 'Enhancing Public Safety', true),
    ('SRV0893', 'Homeless Prevention and Support Services for the Homeless', 'AGC4381', 'Performance', 3, 'Clean, Healthy, and Sustainable Communities', true),
    ('SRV0894', 'Outreach to the Homeless', 'AGC4381', 'Performance', 3, 'Clean, Healthy, and Sustainable Communities', true),
    ('SRV0895', 'Temporary Housing for the Homeless', 'AGC4381', 'Performance', 3, 'Clean, Healthy, and Sustainable Communities', true),
    ('SRV0896', 'Permanent Housing for the Homeless', 'AGC4381', 'Performance', 3, 'Clean, Healthy, and Sustainable Communities', true),
    ('SRV0899', 'Fair Conduct of Elections', 'AGC1900', 'Performance', 5, 'Responsible Stewardship of City Resources', true),
    ('SRV0902', 'Account Payable', 'AGC1200', 'Performance', 5, 'Responsible Stewardship of City Resources', true),
    ('SRV0903', 'Office of Performance and Innovation', 'AGC4301', 'Performance', 5, 'Responsible Stewardship of City Resources', true),
    ('SRV0905', 'Office of African American Male Engagement', 'AGC4301', 'Performance', 2, 'Prioritizing Youth, Older Adults, and Vulnerable Communities', true),
    ('SRV0906', 'Office of LGBTQ Affairs', 'AGC4301', 'Performance', 2, 'Prioritizing Youth, Older Adults, and Vulnerable Communities', true),
    ('SRV0907', 'Office of Infrastructure Development', 'AGC4301', 'Performance', 6, 'Modernizing Public Infrastructure', true),
    ('SRV0908', 'Office of Older Adult Affairs and Advocacy', 'AGC4301', 'Performance', 2, 'Prioritizing Youth, Older Adults, and Vulnerable Communities', true),
    ('SRV0909', 'Office of the Zoning Administrator', 'AGC5700', 'Performance', 4, 'Equitable Economic Development', true),
    ('SRV0910', 'Office of Ethics', 'AGC4308', 'Performance', 5, 'Responsible Stewardship of City Resources', true),
    ('SRV0911', 'Digital Services', 'AGC4303', 'Performance', 5, 'Responsible Stewardship of City Resources', true),
    ('SRV0912', 'Facility Maintenance', 'AGC6300', 'Performance', 6, 'Modernizing Public Infrastructure', true),
    ('SRV0913', 'Finance Grants Management', 'AGC2300', 'Performance', 5, 'Responsible Stewardship of City Resources', true),
    ('SRV0914', 'Administration - OECR', 'AGC5500', 'Administrative', 2, 'Prioritizing Youth, Older Adults, and Vulnerable Communities', true),
    ('SRV0915', 'Corporate and Revenue Compliance', 'AGC2300', 'Performance', 5, 'Responsible Stewardship of City Resources', true),
    ('SRV0916', 'Opioid Restitution Administration', 'AGC4392', 'Administrative', 3, 'Clean, Healthy, and Sustainable Communities', true),
    ('SRV0917', 'Opioid Restitution Grants', 'AGC4392', 'Performance', 3, 'Clean, Healthy, and Sustainable Communities', true),
    ('SRV0918', 'Opioid Restitution Administration', 'AGC4301', 'Administrative', 3, 'Clean, Healthy, and Sustainable Communities', true),
    ('SRV0919', 'Municipal ID', 'AGC4303', 'Performance', 2, 'Prioritizing Youth, Older Adults, and Vulnerable Communities', true),
    ('SRV0920', 'Mayor’s Office of Art, Culture, and Entertainment', 'AGC4301', 'Performance', 4, 'Equitable Economic Development', true),
    ('SRV0921', 'Consumer Protection and Business Licensing', 'AGC4317', 'Performance', 4, 'Equitable Economic Development', true),
    ('SRV0922', 'Clean Corps', 'AGC5700', 'Performance', 3, 'Clean, Healthy, and Sustainable Communities', true),
    ('SRV0923', 'Administration (MONSE)', 'AGC4346', 'Administrative', 1, 'Enhancing Public Safety', true),
    ('SRV0924', 'Violence Prevention', 'AGC4346', 'Performance', 1, 'Enhancing Public Safety', true),
    ('SRV0925', 'Victim Services', 'AGC4346', 'Performance', 1, 'Enhancing Public Safety', true),
    ('SRV0926', 'Re-Entry Services', 'AGC4346', 'Performance', 1, 'Enhancing Public Safety', true),
    ('SRV0927', 'Neighborhood Stabilization', 'AGC4346', 'Performance', 1, 'Enhancing Public Safety', true),
    ('SRV0928', 'Food Policy & Planning', 'AGC5700', 'Performance', 3, 'Clean, Healthy, and Sustainable Communities', true),
    ('SRV0929', 'Capital Improvement Program', 'AGC5700', 'Performance', 6, 'Modernizing Public Infrastructure', true),
    ('SRV0930', 'Public Behavioral Health', 'AGC2700', 'Performance', 3, 'Clean, Healthy, and Sustainable Communities', true),
    ('SRV0931', 'Office of Immigrant Affairs', 'AGC4393', 'Performance', 2, 'Prioritizing Youth, Older Adults, and Vulnerable Communities', true),
    ('SRV9000', 'Capital Projects (HLT)', 'AGC2700', 'Performance', NULL, NULL, true),
    ('SRV9001', 'Capital Projects (BPD)', 'AGC5900', 'Performance', NULL, NULL, true),
    ('SRV9002', 'Capital Projects (CON)', 'AGC4361', 'Performance', NULL, NULL, true),
    ('SRV9003', 'Capital Projects (DGS)', 'AGC2600', 'Performance', NULL, NULL, true),
    ('SRV9004', 'Capital Projects (DPW)', 'AGC6100', 'Performance', NULL, NULL, true),
    ('SRV9005', 'Capital Projects (FIN)', 'AGC2300', 'Performance', NULL, NULL, true),
    ('SRV9006', 'Capital Projects (FIR)', 'AGC2500', 'Performance', NULL, NULL, true),
    ('SRV9007', 'Capital Projects (HCD)', 'AGC3100', 'Performance', NULL, NULL, true),
    ('SRV9008', 'Capital Projects (LIB)', 'AGC3900', 'Performance', NULL, NULL, true),
    ('SRV9011', 'Capital Projects (OIT)', 'AGC4303', 'Performance', NULL, NULL, true),
    ('SRV9012', 'Capital Projects (PLN)', 'AGC5700', 'Performance', NULL, NULL, true),
    ('SRV9013', 'Capital Projects (REC)', 'AGC6300', 'Performance', NULL, NULL, true),
    ('SRV0904', 'Office of Immigrant Affairs', 'AGC4301', 'Performance', 2, 'Prioritizing Youth, Older Adults, and Vulnerable Communities', false),
    ('SRV9009', 'Capital Projects (MYR)', 'AGC4301', 'Performance', NULL, NULL, false)
ON CONFLICT ("service_id") DO UPDATE SET
    "service_name" = EXCLUDED."service_name", "agency_id" = EXCLUDED."agency_id", "service_type" = EXCLUDED."service_type", "pillar_id" = EXCLUDED."pillar_id", "pillar_name" = EXCLUDED."pillar_name", "active" = EXCLUDED."active";

-- cost_center
CREATE TABLE IF NOT EXISTS "cost_center" (
    "cost_center_id" text PRIMARY KEY,
    "cost_center_name" text,
    "service_id" text REFERENCES service(service_id),
    "agency_id" text REFERENCES agency(agency_id),
    "active" boolean
);
ALTER TABLE "cost_center" ADD COLUMN IF NOT EXISTS "cost_center_name" text;
ALTER TABLE "cost_center" ADD COLUMN IF NOT EXISTS "service_id" text REFERENCES service(service_id);
ALTER TABLE "cost_center" ADD COLUMN IF NOT EXISTS "agency_id" text REFERENCES agency(agency_id);
ALTER TABLE "cost_center" ADD COLUMN IF NOT EXISTS "active" boolean;
INSERT INTO "cost_center" ("cost_center_id", "cost_center_name", "service_id", "agency_id", "active")
VALUES
    ('CAP009110', 'CAP Mayor''s Office of Recovery', NULL, 'AGC4301', true),
    ('CAP009116', 'CAP Information and Technology (BCIT)', NULL, 'AGC4303', true),
    ('CAP009127', 'CAP Mayoralty-Related', NULL, 'AGC4301', true),
    ('CAP009146', 'CAP Finance', NULL, 'AGC2300', true),
    ('CAP009188', 'CAP Planning', NULL, 'AGC5700', true),
    ('CAP009197', 'CAP General Services', NULL, 'AGC2600', true),
    ('CAP009206', 'CAP Police', NULL, 'AGC5900', true),
    ('CAP009208', 'CAP Fire', NULL, 'AGC2500', true),
    ('CAP009312', 'CAP Health', NULL, 'AGC2700', true),
    ('CAP009417', 'CAP City Schools System Upgrades Systemic', NULL, 'AGC4371', true),
    ('CAP009418', 'CAP City Schools System Upgrades Construction', NULL, 'AGC4371', true),
    ('CAP009457', 'CAP Enoch Pratt Free Library', NULL, 'AGC3900', true),
    ('CAP009474', 'CAP Recreation and Parks', NULL, 'AGC6300', true),
    ('CAP009483', 'CAP Recreation and Parks MD ZOO', NULL, 'AGC6300', true),
    ('CAP009488', 'CAP Mayoralty-Related Museum', NULL, 'AGC4301', true),
    ('CAP009504', 'CAP Alleys and Footways', NULL, 'AGC7000', true),
    ('CAP009506', 'CAP Bridges', NULL, 'AGC7000', true),
    ('CAP009508', 'CAP Streets and Highways', NULL, 'AGC7000', true),
    ('CAP009510', 'CAP Street Lighting', NULL, 'AGC7000', true),
    ('CAP009512', 'CAP Traffic Engineering', NULL, 'AGC7000', true),
    ('CAP009514', 'CAP Street Resurfacing', NULL, 'AGC7000', true),
    ('CAP009517', 'CAP Solid Waste', NULL, 'AGC6100', true),
    ('CAP009520', 'CAP Stormwater', NULL, 'AGC6100', true),
    ('CAP009524', 'CAP Mayoralty-Related Markets', NULL, 'AGC4301', true),
    ('CAP009525', 'CAP Stormwater Pollution', NULL, 'AGC6100', true),
    ('CAP009527', 'CAP Development Agencies Program', NULL, 'AGC7000', true),
    ('CAP009534', 'CAP Convention Center', NULL, 'AGC4361', true),
    ('CAP009551', 'CAP Wastewater', NULL, 'AGC6100', true),
    ('CAP009557', 'CAP Water Supply', NULL, 'AGC6100', true),
    ('CAP009562', 'CAP Conduits', NULL, 'AGC7000', true),
    ('CAP009580', 'CAP Transportation', NULL, 'AGC7000', true),
    ('CAP009586', 'CAP Housing and Community Development Anchor', NULL, 'AGC3100', true),
    ('CAP009588', 'CAP Housing and Community Development', NULL, 'AGC3100', true),
    ('CAP009593', 'CAP Housing and Community Development CDBG', NULL, 'AGC3100', true),
    ('CAP009601', 'CAP Baltimore Development Corporation (BDC)', NULL, 'AGC3100', true),
    ('CAP009607', 'CAP Housing and Community Development DTP', NULL, 'AGC3100', true),
    ('CAP009610', 'CAP Housing and Community Development HOME', NULL, 'AGC3100', true),
    ('CAP009639', 'Comptroller Office Suite Renovations', NULL, 'AGC1200', true),
    ('CAP009900', 'CAP CAFR Adjustments', NULL, 'AGC9900', true),
    ('CAP909116', 'zzDNU_OIT Capital Active 9116', 'SRV9011', 'AGC4303', false),
    ('CAP909127', 'zzDNU_Mayoralty Capital Active 9127', 'SRV9009', 'AGC4301', false),
    ('CAP909146', 'zzDNU_Finance Capital Active 9146', NULL, NULL, false),
    ('CAP909188', 'zzDNU_Planning Capital Active 9188', NULL, NULL, false),
    ('CAP909197', 'zzDNU_DGS Capital Active 9197', NULL, NULL, false),
    ('CAP909206', 'zzDNU_BCPD Capital Active 9206', NULL, NULL, false),
    ('CAP909208', 'zzDNU_Fire Capital Active 9208', NULL, NULL, false),
    ('CAP909312', 'zzDNU_BCHD Capital Active 9312', NULL, NULL, false),
    ('CAP909457', 'zzDNU_Library Capital Active 9457', NULL, NULL, false),
    ('CAP909474', 'zzDNU_Recreation and Parks General Capital Active', NULL, NULL, false),
    ('CAP909483', 'zzDNU_Recreation and Parks  MD ZOO Capital Active 9483', NULL, NULL, false),
    ('CAP909488', 'zzDNU_Museum of Art Capital Active 9488', NULL, NULL, false),
    ('CAP909504', 'zzDNU_DOT Alleys Footways Capital 9504', NULL, NULL, false),
    ('CAP909506', 'zzDNU_DOT Highways Capital Active 9506', NULL, NULL, false),
    ('CAP909508', 'zzDNU_DOT Highways Capital Active 9508', NULL, NULL, false),
    ('CAP909510', 'zzDNU_DOT Street Lighting Capital Active', NULL, NULL, false),
    ('CAP909512', 'zzDNU_DOT Traffic Capital Active 9512', NULL, NULL, false),
    ('CAP909514', 'zzDNU_DOT Major Construction Capital Active 9514', 'SRV9003', 'AGC2600', false),
    ('CAP909517', 'zzDNU_DPW Solid Waste Capital Active 9517', NULL, NULL, false),
    ('CAP909520', 'zzDNU_DPW Stormwater Utility 9520 Capital Active', 'SRV9004', 'AGC6100', false),
    ('CAP909525', 'zzDNU_DPW Stormwater Utility 9525 Capital Active', NULL, NULL, false),
    ('CAP909527', 'zzDNU_DOT Development Agency Capital Active 9527', NULL, NULL, false),
    ('CAP909534', 'zzDNU_Convention Center Capital Active 9534', NULL, NULL, false),
    ('CAP909551', 'zzDNU_DPW Wastewater Utility Capital Active', NULL, NULL, false),
    ('CAP909557', 'zzDNU_DPW Water Utility Capital Active', NULL, NULL, false),
    ('CAP909562', 'zzDNU_DOT Conduits Capital Active 9562', NULL, NULL, false),
    ('CAP909580', 'zzDNU_Parking Authority Capital Active 9580', NULL, NULL, false),
    ('CAP909586', 'zzDNU_HCD General Capital Active 2 9586', 'SRV9007', 'AGC3100', false),
    ('CAP909588', 'zzDNU_HCD General Capital Active 9588', 'SRV9007', 'AGC3100', false),
    ('CAP909593', 'zzDNU_HCD CDBG XLV 9980 Capital Active', 'SRV9007', 'AGC3100', false),
    ('CAP909601', 'zzDNU_HCD Baltimore Development Corp Capital Active 9601', 'SRV9007', 'AGC3100', false),
    ('CAP909607', 'zzDNU_HCD Downtown Partnership Capital Active 9607', 'SRV9007', 'AGC3100', false),
    ('CAP909610', 'zzDNU_HCD HOME Capital Active', 'SRV9007', 'AGC3100', false),
    ('CC000377', 'zzDNU_Legal Affairs (Law)', 'SRV0871', 'AGC3500', false),
    ('CC000450', 'zzDNU_Housing Debt Service', NULL, NULL, false),
    ('CC000514', 'zzDNU_Sexual Assault Response Team (MOCJ)', 'SRV0617', 'AGC4346', false),
    ('CC000515', 'zzDNU_Supervised Visitation (MOCJ)', 'SRV0617', 'AGC4346', false),
    ('CC000520', 'zzDNU_Justice Assistance Grant', NULL, NULL, false),
    ('CC000526', 'zzDNU_Casino Support Community Outreach (MOCJ)', NULL, NULL, false),
    ('CC000527', 'zzDNU_Pimlico Impact Aid Public Safety (MOCJ)', NULL, NULL, false),
    ('CC000536', 'zzDNU_Family Investment (MOED)', 'SRV0792', 'AGC4500', false),
    ('CC000544', 'zzDNU_Workforce Services for Baltimore Residents', 'SRV0795', 'AGC4500', false),
    ('CC000545', 'zzDNU_WIOA Adult', 'SRV0795', 'AGC4500', false),
    ('CC000550', 'zzDNU_Ex-Offender MDPSCS Parole and Probation', 'SRV0796', 'AGC4500', false),
    ('CC000555', 'zzDNU_Workforce Services Summer YouthWorks', 'SRV0798', 'AGC4500', false),
    ('CC000559', 'zzDNU_Summer YouthWorks Enhancement', 'SRV0798', 'AGC4500', false),
    ('CC000566', 'zzDNU_Homeless Managemet Information System (HMIS) Administration', 'SRV0356', 'AGC4381', false),
    ('CC000834', 'zzDNU_Watershed Maintenance, Natural Resources, and Security', 'SRV0671', 'AGC6100', false),
    ('CC001251', 'zzDNU_BDC COVID-19 Grants (MGE)', NULL, NULL, false),
    ('CC001326', 'zzDNU_Emergency Mortgage Housing Assistant Program (EMHAP)', 'SRV0593', 'AGC3100', false),
    ('CCA000001', 'Operation of Elections', 'SRV0899', 'AGC1900', true),
    ('CCA000002', 'Elections Training', 'SRV0899', 'AGC1900', true),
    ('CCA000003', 'Elections Early Voting', 'SRV0899', 'AGC1900', true),
    ('CCA000004', 'Elections Payments to the State of Maryland', 'SRV0899', 'AGC1900', true),
    ('CCA000005', 'City Council President and Administration', 'SRV0100', 'AGC1000', true),
    ('CCA000006', 'City Council Board of Estimates', 'SRV0100', 'AGC1000', true),
    ('CCA000007', 'City Council District 1', 'SRV0100', 'AGC1000', true),
    ('CCA000008', 'City Council District 2', 'SRV0100', 'AGC1000', true),
    ('CCA000009', 'City Council District 3', 'SRV0100', 'AGC1000', true),
    ('CCA000010', 'City Council District 4', 'SRV0100', 'AGC1000', true),
    ('CCA000011', 'City Council District 5', 'SRV0100', 'AGC1000', true),
    ('CCA000012', 'City Council District 6', 'SRV0100', 'AGC1000', true),
    ('CCA000013', 'City Council District 7', 'SRV0100', 'AGC1000', true),
    ('CCA000014', 'City Council District 8', 'SRV0100', 'AGC1000', true),
    ('CCA000015', 'City Council District 9', 'SRV0100', 'AGC1000', true),
    ('CCA000016', 'City Council District 10', 'SRV0100', 'AGC1000', true),
    ('CCA000017', 'City Council District 11', 'SRV0100', 'AGC1000', true),
    ('CCA000018', 'City Council District 12', 'SRV0100', 'AGC1000', true),
    ('CCA000019', 'City Council District 13', 'SRV0100', 'AGC1000', true),
    ('CCA000020', 'City Council District 14', 'SRV0100', 'AGC1000', true),
    ('CCA000021', 'Comptroller Executive Direction', 'SRV0130', 'AGC1200', true),
    ('CCA000022', 'Comptroller Board of Estimates', 'SRV0130', 'AGC1200', true),
    ('CCA000023', 'Comptroller Audits', 'SRV0131', 'AGC1200', true),
    ('CCA000024', 'Comptroller Biennial Audits', 'SRV0131', 'AGC1200', true),
    ('CCA000025', 'Comptroller Audits Information Technology', 'SRV0131', 'AGC1200', true),
    ('CCA000026', 'Comptroller Real Estate Acquisition and Management', 'SRV0132', 'AGC1200', true),
    ('CCA000027', 'Municipal Telephone Exchange (MTE) Administration', 'SRV0133', 'AGC1200', true),
    ('CCA000028', 'Mobile Phone and Device Services', 'SRV0133', 'AGC1200', true),
    ('CCA000029', 'Municipal Post Office (MPO)', 'SRV0136', 'AGC1200', true),
    ('CCA000030', 'Council Services', 'SRV0103', 'AGC1100', true),
    ('CCA000031', 'Circuit Court Adjudications', 'SRV0110', 'AGC1311', true),
    ('CCA000032', 'Circuit Court Administration', 'SRV0110', 'AGC1311', true),
    ('CCA000033', 'Circuit Court Master and Juror Reimbursement', 'SRV0110', 'AGC1311', true),
    ('CCA000034', 'Circuit Court Addictions Assessment Unit', 'SRV0110', 'AGC1311', true),
    ('CCA000035', 'Circuit Court Medical Services', 'SRV0110', 'AGC1311', true),
    ('CCA000036', 'Circuit Court Forensic Alternative Services Team', 'SRV0110', 'AGC1311', true),
    ('CCA000037', 'Circuit Court Pre-Trial Pre-Release', 'SRV0110', 'AGC1311', true),
    ('CCA000038', 'Circuit Court Family Services', 'SRV0110', 'AGC1311', true),
    ('CCA000039', 'Circuit Court Conflict Resolution', 'SRV0110', 'AGC1311', true),
    ('CCA000040', 'Circuit Court Juvenile Services', 'SRV0110', 'AGC1311', true),
    ('CCA000041', 'Circuit Court Adult Drug Court', 'SRV0110', 'AGC1311', true),
    ('CCA000042', 'Circuit Court Community Services', 'SRV0110', 'AGC1311', true),
    ('CCA000043', 'Circuit Court Information Technology', 'SRV0110', 'AGC1311', true),
    ('CCA000044', 'Circuit Court Unallocated Appropriation', 'SRV0110', 'AGC1311', true),
    ('CCA000045', 'Orphans'' Court Administration of Estates', 'SRV0817', 'AGC1321', true),
    ('CCA000046', 'Orphans'' Court Guardianship of Property of Minors', 'SRV0817', 'AGC1321', true),
    ('CCA000047', 'Orphans'' Court Guardianship of Minors', 'SRV0817', 'AGC1321', true),
    ('CCA000048', 'Employees'' Retirement System (ERS) Administration', 'SRV0152', 'AGC2100', true),
    ('CCA000049', 'Fire and Police Employees'' Retirement System (FPERS) Administration', 'SRV0154', 'AGC2100', true),
    ('CCA000050', 'Retirement Savings Plan (RSP) Administration', 'SRV0155', 'AGC2100', true),
    ('CCA000051', 'Library Executive Direction', 'SRV0788', 'AGC3900', true),
    ('CCA000052', 'Library Human Resources', 'SRV0788', 'AGC3900', true),
    ('CCA000053', 'Library Fiscal Management', 'SRV0788', 'AGC3900', true),
    ('CCA000054', 'Library Exhibits and Publicity and Printing', 'SRV0788', 'AGC3900', true),
    ('CCA000055', 'Library Digitization', 'SRV0788', 'AGC3900', true),
    ('CCA000056', 'Library Facilities Management', 'SRV0788', 'AGC3900', true),
    ('CCA000057', 'Library Collection Management', 'SRV0788', 'AGC3900', true),
    ('CCA000058', 'Library Mobile Job Center', 'SRV0788', 'AGC3900', true),
    ('CCA000059', 'Pratt Center for Technology and Training', 'SRV0788', 'AGC3900', true),
    ('CCA000060', 'Library Young Adult Services', 'SRV0788', 'AGC3900', true),
    ('CCA000061', 'Library Expanded Hours', 'SRV0788', 'AGC3900', true),
    ('CCA000062', 'Library School and Student Services', 'SRV0788', 'AGC3900', true),
    ('CCA000063', 'Library Delivery Services', 'SRV0788', 'AGC3900', true),
    ('CCA000064', 'Library Neighborhood Facility Services', 'SRV0788', 'AGC3900', true),
    ('CCA000065', 'Library Neighborhood Library Services', 'SRV0788', 'AGC3900', true),
    ('CCA000066', 'Maryland Interlibrary Loan', 'SRV0788', 'AGC3900', true),
    ('CCA000067', 'State Library Resource Center Public Service Staff', 'SRV0788', 'AGC3900', true),
    ('CCA000068', 'Library Central Facility Services', 'SRV0788', 'AGC3900', true),
    ('CCA000069', 'Library Sights and Sounds', 'SRV0788', 'AGC3900', true),
    ('CCA000070', 'Library Sailor Operations', 'SRV0788', 'AGC3900', true),
    ('CCA000071', 'Library State Depository and Publications', 'SRV0788', 'AGC3900', true),
    ('CCA000072', 'Library Collections and Access Services Management', 'SRV0788', 'AGC3900', true),
    ('CCA000073', 'Library Resource Delivery', 'SRV0788', 'AGC3900', true),
    ('CCA000074', 'Library Courier Delivery Services', 'SRV0788', 'AGC3900', true),
    ('CCA000075', 'Library Maryland Department', 'SRV0788', 'AGC3900', true),
    ('CCA000076', 'African American Department', 'SRV0788', 'AGC3900', true),
    ('CCA000077', 'State Library Resource Center Management', 'SRV0788', 'AGC3900', true),
    ('CCA000078', 'Library WEB Management', 'SRV0788', 'AGC3900', true),
    ('CCA000079', 'Maryland Ask Us Now', 'SRV0788', 'AGC3900', true),
    ('CCA000080', 'State Library Resource Center Books and Materials', 'SRV0788', 'AGC3900', true),
    ('CCA000081', 'Library Information Technology', 'SRV0788', 'AGC3900', true),
    ('CCA000082', 'General Collections (BRC)', 'SRV0148', 'AGC2300', true),
    ('CCA000083', 'Parking Fine Collections (BRC)', 'SRV0148', 'AGC2300', true),
    ('CCA000084', 'General Collections Cost Transfers (BRC)', 'SRV0148', 'AGC2300', true),
    ('CCA000085', 'Parking Fine Collections Cost Transfers (BRC)', 'SRV0148', 'AGC2300', true),
    ('CCA000086', 'Inspection Collections (BRC)', 'SRV0148', 'AGC2300', true),
    ('CCA000087', 'Treasury Management', 'SRV0150', 'AGC2300', true),
    ('CCA000088', 'Finance Administration', 'SRV0698', 'AGC2300', true),
    ('CCA000089', 'Finance Grants Management', 'SRV0698', 'AGC2300', true),
    ('CCA000090', 'Finance ERP Transition', 'SRV0698', 'AGC2300', true),
    ('CCA000091', 'Procurement (BOP)', 'SRV0699', 'AGC2300', true),
    ('CCA000092', 'Surplus Property Disposal (BOP)', 'SRV0700', 'AGC2300', true),
    ('CCA000093', 'Printing Services (BOP)', 'SRV0701', 'AGC2300', true),
    ('CCA000094', 'Accounts Payable (BAPS)', 'SRV0702', 'AGC2300', true),
    ('CCA000095', 'Accounts Payable Cost Transfers (BAPS)', 'SRV0702', 'AGC2300', true),
    ('CCA000096', 'Payroll (BAPS)', 'SRV0703', 'AGC2300', true),
    ('CCA000097', 'Payroll Cost Transfers (BAPS)', 'SRV0703', 'AGC2300', true),
    ('CCA000098', 'Accounting (BAPS)', 'SRV0704', 'AGC2300', true),
    ('CCA000099', 'Accounting Cost Transfers (BAPS)', 'SRV0704', 'AGC2300', true),
    ('CCA000100', 'Finance Risk Management for Employee Injuries', 'SRV0707', 'AGC2300', true),
    ('CCA000101', 'Operating Budget Management (BBMR)', 'SRV0708', 'AGC2300', true),
    ('CCA000102', 'Management Research and Innovation (BBMR)', 'SRV0708', 'AGC2300', true),
    ('CCA000103', 'Revenue and Long-Term Financial Planning (BBMR)', 'SRV0708', 'AGC2300', true),
    ('CCA000104', 'Property Tax Billing Integrity and Recovery Unit', 'SRV0710', 'AGC2300', true),
    ('CCA000105', 'Finance Project Management', 'SRV0711', 'AGC2300', true),
    ('CCA000106', 'Fire Administration', 'SRV0600', 'AGC2500', true),
    ('CCA000107', 'Fire Financial Services', 'SRV0600', 'AGC2500', true),
    ('CCA000108', 'Fire Human Resources', 'SRV0600', 'AGC2500', true),
    ('CCA000109', 'Fire Information Technology', 'SRV0600', 'AGC2500', true),
    ('CCA000110', 'Fire Safety Office', 'SRV0602', 'AGC2500', true),
    ('CCA000111', 'Fire Land Suppression', 'SRV0602', 'AGC2500', true),
    ('CCA000112', 'Fire Marine Suppression', 'SRV0602', 'AGC2500', true),
    ('CCA000113', 'Fire HAZMAT Operations', 'SRV0602', 'AGC2500', true),
    ('CCA000114', 'Emergency Management (OEM) Administration', 'SRV0608', 'AGC2500', true),
    ('CCA000116', 'Emergency Medical Services (EMS) Administration', 'SRV0609', 'AGC2500', true),
    ('CCA000117', 'Emergency Medical Services (EMS) Training', 'SRV0609', 'AGC2500', true),
    ('CCA000118', 'Casino Support Medic Services', 'SRV0609', 'AGC2500', true),
    ('CCA000119', 'Emergency Medical Services (EMS) Public Education', 'SRV0610', 'AGC2500', true),
    ('CCA000120', 'Fire Prevention Public Education and Outreach', 'SRV0610', 'AGC2500', true),
    ('CCA000121', 'Fire Code Enforcement', 'SRV0611', 'AGC2500', true),
    ('CCA000122', 'Fire Investigation', 'SRV0612', 'AGC2500', true),
    ('CCA000123', 'Fire Apparatus', 'SRV0613', 'AGC2500', true),
    ('CCA000124', 'Fire Facilities Maintenance and Replacement', 'SRV0613', 'AGC2500', true),
    ('CCA000125', 'Fire and EMS Supply', 'SRV0613', 'AGC2500', true),
    ('CCA000126', 'Fire Respiratory Equipment Repair', 'SRV0613', 'AGC2500', true),
    ('CCA000127', 'Fire Communications and Dispatch', 'SRV0614', 'AGC2500', true),
    ('CCA000128', 'Fire Radio Repair Shop', 'SRV0614', 'AGC2500', true),
    ('CCA000129', 'Fire 911 Service', 'SRV0614', 'AGC2500', true),
    ('CCA000130', 'Fire Emergency Medical Services (EMS) Training and Education', 'SRV0615', 'AGC2500', true),
    ('CCA000131', 'Fire Suppression Training', 'SRV0615', 'AGC2500', true),
    ('CCA000132', 'Fleet Management Administration (DGS)', 'SRV0189', 'AGC2600', true),
    ('CCA000133', 'Fleet Equipment Repair (DGS)', 'SRV0189', 'AGC2600', true),
    ('CCA000134', 'Fleet Support Services (DGS)', 'SRV0189', 'AGC2600', true),
    ('CCA000135', 'Fleet Vehicle Purchases (DGS)', 'SRV0189', 'AGC2600', true),
    ('CCA000136', 'Fleet Management Cost Transfers (DGS)', 'SRV0189', 'AGC2600', true),
    ('CCA000137', 'Fleet Management Information Technology (DGS)', 'SRV0189', 'AGC2600', true),
    ('CCA000138', 'General Services Administration (DGS)', 'SRV0726', 'AGC2600', true),
    ('CCA000139', 'General Services Fiscal Services (DGS)', 'SRV0726', 'AGC2600', true),
    ('CCA000140', 'General Services Human Resources (DGS)', 'SRV0726', 'AGC2600', true),
    ('CCA000141', 'General Services Information Technology (DGS)', 'SRV0726', 'AGC2600', true),
    ('CCA000142', 'General Services Municipal Facilities Management (DGS)', 'SRV0726', 'AGC2600', true),
    ('CCA000143', 'General Services Cost Transfers (DGS)', 'SRV0726', 'AGC2600', true),
    ('CCA000144', 'Facilities Building Maintenance (DGS)', 'SRV0731', 'AGC2600', true),
    ('CCA000145', 'War Memorial Building (DGS)', 'SRV0731', 'AGC2600', true),
    ('CCA000146', 'Historic Properties Program (DGS)', 'SRV0731', 'AGC2600', true),
    ('CCA000147', 'Facilities Capital Reserve (DGS)', 'SRV0731', 'AGC2600', true),
    ('CCA000148', 'Surplus School Management (DGS)', 'SRV0731', 'AGC2600', true),
    ('CCA000149', 'Facilities Management System (DGS)', 'SRV0731', 'AGC2600', true),
    ('CCA000150', 'Pimlico Impact Aid Langston Hughes Center', 'SRV0731', 'AGC2600', true),
    ('CCA000151', 'Facilities Management Cost Transfers (DGS)', 'SRV0731', 'AGC2600', true),
    ('CCA000152', 'General Services Unallocated Appropriation', 'SRV0731', 'AGC2600', true),
    ('CCA000153', 'Capital Projections Design and Construction (DGS)', 'SRV0734', 'AGC2600', true),
    ('CCA000154', 'Clinical Services Administration', 'SRV0303', 'AGC2700', true),
    ('CCA000155', 'Baltimore Disease Control (BDC) Laboratory', 'SRV0303', 'AGC2700', true),
    ('CCA000156', 'Tuberculosis Control', 'SRV0303', 'AGC2700', true),
    ('CCA000157', 'Sexually Transmitted Disease Control', 'SRV0303', 'AGC2700', true),
    ('CCA000158', 'HIV Treatment Case Management', 'SRV0303', 'AGC2700', true),
    ('CCA000159', 'HIV Prevention', 'SRV0303', 'AGC2700', true),
    ('CCA000160', 'Dental Services', 'SRV0303', 'AGC2700', true),
    ('CCA000161', 'Epidemiology', 'SRV0303', 'AGC2700', true),
    ('CCA000162', 'Healthcare for the Homeless', 'SRV0303', 'AGC2700', true),
    ('CCA000163', 'Healthy Homes Inspections and Enforcement', 'SRV0305', 'AGC2700', true),
    ('CCA000164', 'Lead Poisoning Prevention', 'SRV0305', 'AGC2700', true),
    ('CCA000165', 'Maryland State Developmental Disabilities Support', 'SRV0307', 'AGC2700', true),
    ('CCA000166', 'Substance Abuse', 'SRV0307', 'AGC2700', true),
    ('CCA000167', 'Family Planning', 'SRV0308', 'AGC2700', true),
    ('CCA000168', 'Comprehensive Health Services', 'SRV0308', 'AGC2700', true),
    ('CCA000169', 'WIC Supplemental Food', 'SRV0308', 'AGC2700', true),
    ('CCA000170', 'Children and Youth (BCHD)', 'SRV0308', 'AGC2700', true),
    ('CCA000171', 'Maternal and Infant Nursing', 'SRV0308', 'AGC2700', true),
    ('CCA000172', 'Infants and Toddlers', 'SRV0308', 'AGC2700', true),
    ('CCA000173', 'Healthy Teens and Young Adults', 'SRV0308', 'AGC2700', true),
    ('CCA000174', 'Cancer Screening Program', 'SRV0308', 'AGC2700', true),
    ('CCA000175', 'Immunization', 'SRV0308', 'AGC2700', true),
    ('CCA000176', 'Maryland Children''s Health Program', 'SRV0308', 'AGC2700', true),
    ('CCA000177', 'Reach Out and Read (BCHD)', 'SRV0308', 'AGC2700', true),
    ('CCA000178', 'Medical Home Program', 'SRV0308', 'AGC2700', true),
    ('CCA000179', 'B''more for Healthy Babies', 'SRV0308', 'AGC2700', true),
    ('CCA000180', 'Early Head Start (BCHD)', 'SRV0308', 'AGC2700', true),
    ('CCA000181', 'School Health Program', 'SRV0310', 'AGC2700', true),
    ('CCA000182', 'Home and Community Based Options Waiver', 'SRV0311', 'AGC2700', true),
    ('CCA000183', 'Geriatric Evaluation Services', 'SRV0311', 'AGC2700', true),
    ('CCA000184', 'Personal Care Services (BCHD)', 'SRV0311', 'AGC2700', true),
    ('CCA000185', 'Acute Communicable Diseases', 'SRV0315', 'AGC2700', true),
    ('CCA000186', 'Field Health Services Medical Transport', 'SRV0315', 'AGC2700', true),
    ('CCA000187', 'Preparedness and Response to Bioterrorism', 'SRV0315', 'AGC2700', true),
    ('CCA000188', 'Hepatitis C Program', 'SRV0718', 'AGC2700', true),
    ('CCA000189', 'Youth Violence Prevention Administration', 'SRV0316', 'AGC2700', true),
    ('CCA000190', 'Trauma-Informed Care', 'SRV0316', 'AGC2700', true),
    ('CCA000191', 'Health Administration (BCHD)', 'SRV0715', 'AGC2700', true),
    ('CCA000192', 'Health Facilities (BCHD)', 'SRV0715', 'AGC2700', true),
    ('CCA000193', 'Health Fiscal Services (BCHD)', 'SRV0715', 'AGC2700', true),
    ('CCA000194', 'Health Information Technology (BCHD)', 'SRV0715', 'AGC2700', true),
    ('CCA000195', 'Health Legislative Affairs (BCHD)', 'SRV0715', 'AGC2700', true),
    ('CCA000196', 'Health Human Resources (BCHD)', 'SRV0715', 'AGC2700', true),
    ('CCA000197', 'Animal Enforcement', 'SRV0716', 'AGC2700', true),
    ('CCA000198', 'Animal Care and Rescue', 'SRV0716', 'AGC2700', true),
    ('CCA000199', 'Environmental Inspection Services Administration', 'SRV0717', 'AGC2700', true),
    ('CCA000200', 'Environmental Inspection Food Control', 'SRV0717', 'AGC2700', true),
    ('CCA000201', 'Ecology Institutional Safety', 'SRV0717', 'AGC2700', true),
    ('CCA000202', 'Environmental Inspection Design Review', 'SRV0717', 'AGC2700', true),
    ('CCA000203', 'Health Disparities Initiative', 'SRV0718', 'AGC2700', true),
    ('CCA000204', 'Tobacco Cessation', 'SRV0718', 'AGC2700', true),
    ('CCA000205', 'Cancer Education, Screening, and Prevention', 'SRV0718', 'AGC2700', true),
    ('CCA000206', 'HIV Prevention and Case Management', 'SRV0720', 'AGC2700', true),
    ('CCA000207', 'Needle Exchange', 'SRV0720', 'AGC2700', true),
    ('CCA000208', 'HIV Administration', 'SRV0720', 'AGC2700', true),
    ('CCA000209', 'Communicable Disease and Ryan White', 'SRV0720', 'AGC2700', true),
    ('CCA000210', 'Senior Centers Administration', 'SRV0721', 'AGC2700', true),
    ('CCA000211', 'Senior Center Facility Operations', 'SRV0721', 'AGC2700', true),
    ('CCA000212', 'Hatton Senior Center', 'SRV0721', 'AGC2700', true),
    ('CCA000213', 'John Booth Hooper Senior Center', 'SRV0721', 'AGC2700', true),
    ('CCA000214', 'Oliver Senior Center', 'SRV0721', 'AGC2700', true),
    ('CCA000215', 'Sandtown Winchester Senior Center', 'SRV0721', 'AGC2700', true),
    ('CCA000216', 'Waxter Senior Center', 'SRV0721', 'AGC2700', true),
    ('CCA000217', 'Zeta Senior Center', 'SRV0721', 'AGC2700', true),
    ('CCA000218', 'Independent Senior Centers', 'SRV0721', 'AGC2700', true),
    ('CCA000219', 'Harford Senior Center', 'SRV0721', 'AGC2700', true),
    ('CCA000220', 'CARE Executive Direction', 'SRV0722', 'AGC2700', true),
    ('CCA000221', 'Advocacy and Supportive Care', 'SRV0723', 'AGC2700', true),
    ('CCA000222', 'Senior Medicare Patrol', 'SRV0723', 'AGC2700', true),
    ('CCA000223', 'Long-Term Care Ombudsman', 'SRV0723', 'AGC2700', true),
    ('CCA000224', 'Maryland Access Point', 'SRV0723', 'AGC2700', true),
    ('CCA000225', 'Assistive and Directive Care (BCHD)', 'SRV0724', 'AGC2700', true),
    ('CCA000226', 'Money Follows the Person Program', 'SRV0724', 'AGC2700', true),
    ('CCA000227', 'Public Guardianship (BCHD)', 'SRV0724', 'AGC2700', true),
    ('CCA000228', 'Senior Assisted Living Group Home Subsidy', 'SRV0724', 'AGC2700', true),
    ('CCA000229', 'Family Caregivers Program', 'SRV0725', 'AGC2700', true),
    ('CCA000230', 'Health Promotions (BCHD)', 'SRV0725', 'AGC2700', true),
    ('CCA000231', 'Taxi Card Program', 'SRV0725', 'AGC2700', true),
    ('CCA000232', 'Congregate Meals', 'SRV0725', 'AGC2700', true),
    ('CCA000233', 'Home Delivered Meals', 'SRV0725', 'AGC2700', true),
    ('CCA000234', 'Retired Senior Volunteer Program', 'SRV0725', 'AGC2700', true),
    ('CCA000235', 'Senior Companion Program', 'SRV0725', 'AGC2700', true),
    ('CCA000248', 'Community Support Projects Unallocated Appropriation (HCD)', 'SRV0593', 'AGC3100', true),
    ('CCA000249', 'Community Catalyst Grants (HCD)', 'SRV0593', 'AGC3100', true),
    ('CCA000259', 'Community Support Projects Administration', 'SRV0593', 'AGC3100', true),
    ('CCA000307', 'Northwood Child Care Center', 'SRV0604', 'AGC3100', true),
    ('CCA000308', 'Waverly Child Care Center', 'SRV0604', 'AGC3100', true),
    ('CCA000309', 'Housing Research and Strategic Planning (HCD)', 'SRV0737', 'AGC3100', true),
    ('CCA000310', 'Housing Budget and Accounting (HCD)', 'SRV0737', 'AGC3100', true),
    ('CCA000311', 'Housing Communications (HCD)', 'SRV0737', 'AGC3100', true),
    ('CCA000312', 'Housing Executive Direction (HCD)', 'SRV0737', 'AGC3100', true),
    ('CCA000313', 'Housing Facilities Management (HCD)', 'SRV0737', 'AGC3100', true),
    ('CCA000314', 'Housing Information Technology (HCD)', 'SRV0737', 'AGC3100', true),
    ('CCA000315', 'Housing Human Resources (HCD)', 'SRV0737', 'AGC3100', true),
    ('CCA000316', 'Housing Planning and Development (HCD)', 'SRV0737', 'AGC3100', true),
    ('CCA000317', 'Weatherization Program Delivery', 'SRV0738', 'AGC3100', true),
    ('CCA000318', 'Weatherization Audit', 'SRV0738', 'AGC3100', true),
    ('CCA000319', 'Weatherization Intake Assessment', 'SRV0738', 'AGC3100', true),
    ('CCA000320', 'Dawson Center', 'SRV0648', 'AGC6300', true),
    ('CCA000321', 'Homeownership', 'SRV0742', 'AGC3100', true),
    ('CCA000322', 'Housing Code Enforcement Administration', 'SRV0745', 'AGC3100', true),
    ('CCA000323', 'Housing Code Enforcement Legal', 'SRV0745', 'AGC3100', true),
    ('CCA000324', 'Housing Code Whole Block Demolition', 'SRV0745', 'AGC3100', true),
    ('CCA000325', 'Housing Code Notice Production Constituent Services', 'SRV0745', 'AGC3100', true),
    ('CCA000326', 'Housing Code Property Maintenance Code Enforcement', 'SRV0745', 'AGC3100', true),
    ('CCA000327', 'Housing Code Special Investigations', 'SRV0745', 'AGC3100', true),
    ('CCA000328', 'Housing Code Systems Programming', 'SRV0745', 'AGC3100', true),
    ('CCA000329', 'Housing Code Demolition Contracts', 'SRV0745', 'AGC3100', true),
    ('CCA000330', 'Contractor Licensing and Registration (HCD)', 'SRV0747', 'AGC3100', true),
    ('CCA000331', 'Property Registration and Multi-Family Dwelling Licensing (HCD)', 'SRV0747', 'AGC3100', true),
    ('CCA000332', 'Housing Development Finance and Project Management', 'SRV0748', 'AGC3100', true),
    ('CCA000333', 'Affordable Housing Trust Fund Program', 'SRV0748', 'AGC3100', true),
    ('CCA000334', 'Affordable Housing Unallocated Appropriation', 'SRV0748', 'AGC3100', true),
    ('CCA000335', 'Land Resources (HCD)', 'SRV0749', 'AGC3100', true),
    ('CCA000336', 'Property Management Whole Block Demolition', 'SRV0749', 'AGC3100', true),
    ('CCA000337', 'Park Heights Support', 'SRV0749', 'AGC3100', true),
    ('CCA000338', 'East Baltimore Development Initiative (EBDI) Support', 'SRV0749', 'AGC3100', true),
    ('CCA000339', 'Housing Rehabilitation Loans', 'SRV0750', 'AGC3100', true),
    ('CCA000340', 'Lead Abatement (HCD)', 'SRV0750', 'AGC3100', true),
    ('CCA000341', 'Building Code Inspections', 'SRV0751', 'AGC3100', true),
    ('CCA000342', 'Building Demolition Inspections', 'SRV0751', 'AGC3100', true),
    ('CCA000343', 'Permit Processing', 'SRV0751', 'AGC3100', true),
    ('CCA000344', 'Plans Examining', 'SRV0751', 'AGC3100', true),
    ('CCA000345', 'Building and Zoning Plans Enforcement (HCD)', 'SRV0751', 'AGC3100', true),
    ('CCA000346', 'Housing Ombudsmans Office (HCD)', 'SRV0752', 'AGC3100', true),
    ('CCA000347', 'Summer Food Service Program', 'SRV0754', 'AGC3100', true),
    ('CCA000348', 'Retention, Expansion, and Attraction of Businesses (BDC)', 'SRV0809', 'AGC3100', true),
    ('CCA000349', 'Real Estate Development (BDC)', 'SRV0810', 'AGC3100', true),
    ('CCA000350', 'Waterfront Partnership', 'SRV0811', 'AGC3100', true),
    ('CCA000351', 'Enterpreneurial Development and Support', 'SRV0813', 'AGC3100', true),
    ('CCA000352', 'Live Baltimore', 'SRV0815', 'AGC3100', true),
    ('CCA000353', 'DHR Administration', 'SRV0770', 'AGC3300', true),
    ('CCA000354', 'Human Resources Policy', 'SRV0770', 'AGC3300', true),
    ('CCA000355', 'Benefits Administration (HR)', 'SRV0771', 'AGC3300', true),
    ('CCA000356', 'Human Resource Information System (HRIS) Operations', 'SRV0771', 'AGC3300', true),
    ('CCA000357', 'Benefits Actuarial Services (HR)', 'SRV0771', 'AGC3300', true),
    ('CCA000358', 'Wellness Program (HR)', 'SRV0771', 'AGC3300', true),
    ('CCA000359', 'Employee Assistance Program (HR)', 'SRV0771', 'AGC3300', true),
    ('CCA000360', 'Civil Service Management', 'SRV0772', 'AGC3300', true),
    ('CCA000361', 'Classification and Compensation', 'SRV0772', 'AGC3300', true),
    ('CCA000362', 'Civil Service Recruitment', 'SRV0772', 'AGC3300', true),
    ('CCA000363', 'Civil Service Shared Services', 'SRV0772', 'AGC3300', true),
    ('CCA000364', 'COB University', 'SRV0773', 'AGC3300', true),
    ('CCA000365', 'Law Administration', 'SRV0860', 'AGC3500', true),
    ('CCA000366', 'Controversies Central Bureau of Investigation (Law)', 'SRV0861', 'AGC3500', true),
    ('CCA000368', 'Controversies Affirmative Litigation (Law)', 'SRV0861', 'AGC3500', true),
    ('CCA000369', 'Controversies Collections (Law)', 'SRV0861', 'AGC3500', true),
    ('CCA000370', 'Controversies Defensive Litigation (Law)', 'SRV0861', 'AGC3500', true),
    ('CCA000371', 'Controversies Labor and Employment (Law)', 'SRV0861', 'AGC3500', true),
    ('CCA000372', 'Controversies Land Use (Law)', 'SRV0861', 'AGC3500', true),
    ('CCA000373', 'Transactions Contracts (Law)', 'SRV0862', 'AGC3500', true),
    ('CCA000374', 'Transactions Opinions (Law)', 'SRV0862', 'AGC3500', true),
    ('CCA000375', 'Transactions Real Estate (Law)', 'SRV0862', 'AGC3500', true),
    ('CCA000376', 'Minority and Women''s Business Opportunity Office (Law)', 'SRV0869', 'AGC3500', true),
    ('CCA000377', 'Police Legal Affairs (Law)', 'SRV0871', 'AGC3500', true),
    ('CCA000378', 'Workers’ Compensation Practice (Law)', 'SRV0872', 'AGC3500', true),
    ('CCA000379', 'Legislative Reference Services', 'SRV0106', 'AGC3700', true),
    ('CCA000380', 'Archives and Records Management Office', 'SRV0107', 'AGC3700', true),
    ('CCA000381', 'Liquor Control', 'SRV0850', 'AGC4100', true),
    ('CCA000382', 'Liquor License Compliance', 'SRV0851', 'AGC4100', true),
    ('CCA000383', 'Mayor''s Office', 'SRV0125', 'AGC4301', true),
    ('CCA000384', 'Casino Support Project Coordination', 'SRV0763', 'AGC5700', true),
    ('CCA000385', 'Chief of Staff', 'SRV0125', 'AGC4301', true),
    ('CCA000386', 'City Administrator', 'SRV0125', 'AGC4301', true),
    ('CCA000387', 'Government Relations', 'SRV0125', 'AGC4301', true),
    ('CCA000388', 'Deputy Mayor of Economic Development', 'SRV0125', 'AGC4301', true),
    ('CCA000389', 'Innovation (Mayoralty)', 'SRV0125', 'AGC4301', true),
    ('CCA000390', 'Neighborhoods (Mayoralty)', 'SRV0125', 'AGC4301', true),
    ('CCA000391', 'Performance and Innovation (OPI)', 'SRV0125', 'AGC4301', true),
    ('CCA000392', 'Mayoralty Special Events', 'SRV0125', 'AGC4301', true),
    ('CCA000393', 'Lean Government', 'SRV0125', 'AGC4301', true),
    ('CCA000394', 'Mayoralty Administration', 'SRV0125', 'AGC4301', true),
    ('CCA000395', 'Constituent Services (Mayoralty)', 'SRV0125', 'AGC4301', true),
    ('CCA000396', 'Communications and Community Engagement (Mayoralty)', 'SRV0125', 'AGC4301', true),
    ('CCA000397', 'Minority, Women-Owned, and Small Business Development', 'SRV0869', 'AGC3500', true),
    ('CCA000398', 'Immigrant and Multicultural Affairs', 'SRV0125', 'AGC4301', true),
    ('CCA000399', 'Mayoralty Unallocated Appropriation', 'SRV0125', 'AGC4301', true),
    ('CCA000400', 'Baltimore Symphony Orchestra (BSO)', 'SRV0493', 'AGC4356', true),
    ('CCA000401', 'Walters Art Gallery Other Personnel Costs', 'SRV0493', 'AGC4356', true),
    ('CCA000402', 'Walters Art Gallery General Expenses', 'SRV0493', 'AGC4356', true),
    ('CCA000403', 'Baltimore Museum of Art (BMA) Other Personnel Costs', 'SRV0493', 'AGC4356', true),
    ('CCA000404', 'Baltimore Museum of Art (BMA) General Expenses', 'SRV0493', 'AGC4356', true),
    ('CCA000405', 'Maryland Zoo in Baltimore', 'SRV0493', 'AGC4356', true),
    ('CCA000406', 'Events and Festivals (BOPA)', 'SRV0824', 'AGC4356', true),
    ('CCA000407', 'Creative Baltimore Fund (BOPA)', 'SRV0824', 'AGC4356', true),
    ('CCA000408', 'Casino Support Grant Programs and Coordination (BOPA)', 'SRV0824', 'AGC4356', true),
    ('CCA000409', 'Bromo Seltzer Arts Tower (BOPA)', 'SRV0828', 'AGC4356', true),
    ('CCA000410', 'City Schools Required Maintenance of Effort (MOE)', 'SRV0352', 'AGC4371', true),
    ('CCA000411', 'City Schools Funding in Excess of MOE', 'SRV0352', 'AGC4371', true),
    ('CCA000412', 'City Schools Retiree Health Contribution', 'SRV0352', 'AGC4371', true),
    ('CCA000413', 'City Schools Teacher Pension', 'SRV0352', 'AGC4371', true),
    ('CCA000414', 'Media Production', 'SRV0876', 'AGC4366', true),
    ('CCA000415', 'Baltimore Heritage Area', 'SRV0590', 'AGC4326', true),
    ('CCA000416', 'Lexington Market', 'SRV0590', 'AGC4326', true),
    ('CCA000417', 'Baltimore Public Markets', 'SRV0590', 'AGC4326', true),
    ('CCA000418', 'Pride of Baltimore', 'SRV0820', 'AGC4326', true),
    ('CCA000419', 'Sail Baltimore', 'SRV0820', 'AGC4326', true),
    ('CCA000420', 'Visit Baltimore', 'SRV0820', 'AGC4326', true),
    ('CCA000421', 'Conditional Purchase Agreement Payment Cost Transfers', 'SRV0129', 'AGC4314', true),
    ('CCA000422', 'Municipal Telephone Exchange (MTE) Conditional Purchase Agreement Payments', 'SRV0129', 'AGC4314', true),
    ('CCA000423', 'Fire Conditional Purchase Agreements', 'SRV0129', 'AGC4314', true),
    ('CCA000424', 'Fire and Police Communications Conditional Purchase Agreement Payments', 'SRV0129', 'AGC4314', true),
    ('CCA000425', 'Police Conditional Purchase Agreement Payments', 'SRV0129', 'AGC4314', true),
    ('CCA000426', 'Public Buildings Conditional Purchase Agreements', 'SRV0129', 'AGC4314', true),
    ('CCA000427', 'Conditional Purchase Agreements Unallocated Appropriation', 'SRV0129', 'AGC4314', true),
    ('CCA000428', 'Contingent Fund', 'SRV0121', 'AGC4306', true),
    ('CCA000429', 'Real and Personal Property Taxes Convention Center Hotel', 'SRV0535', 'AGC4364', true),
    ('CCA000430', 'Hotel Occupancy Tax Convention Center Hotel', 'SRV0535', 'AGC4364', true),
    ('CCA000431', 'Royal Farms Arena Operations', 'SRV0540', 'AGC4361', true),
    ('CCA000432', 'Convention Center Executive Administration', 'SRV0855', 'AGC4361', true),
    ('CCA000433', 'Convention Center Sales and Marketing', 'SRV0855', 'AGC4361', true),
    ('CCA000434', 'Convention Center Client Services', 'SRV0855', 'AGC4361', true),
    ('CCA000435', 'Convention Center Building Services', 'SRV0855', 'AGC4361', true),
    ('CCA000436', 'Convention Center Public Safety', 'SRV0855', 'AGC4361', true),
    ('CCA000437', 'Convention Center Transfers', 'SRV0855', 'AGC4361', true),
    ('CCA000438', 'Convention Center Debt Service', 'SRV0857', 'AGC4361', true),
    ('CCA000439', 'Aquarium Debt Service', 'SRV0123', 'AGC4312', true),
    ('CCA000440', 'Neighborhood Senior Centers Debt Service', 'SRV0123', 'AGC4312', true),
    ('CCA000441', 'City Museums Debt Service', 'SRV0123', 'AGC4312', true),
    ('CCA000442', 'Health Department Debt Service', 'SRV0123', 'AGC4312', true),
    ('CCA000443', 'Debt Pre-Payment', 'SRV0123', 'AGC4312', true),
    ('CCA000444', 'City Schools Table Games', 'SRV0123', 'AGC4312', true),
    ('CCA000445', 'City Schools Casino Lease', 'SRV0123', 'AGC4312', true),
    ('CCA000446', 'City Schools Beverage Tax', 'SRV0123', 'AGC4312', true),
    ('CCA000447', 'City Schools Debt Service', 'SRV0123', 'AGC4312', true),
    ('CCA000448', 'Fire Debt Service', 'SRV0123', 'AGC4312', true),
    ('CCA000449', 'Highways Debt Service', 'SRV0123', 'AGC4312', true),
    ('CCA000450', 'Housing Debt Service', 'SRV0123', 'AGC4312', true),
    ('CCA000451', 'Housing and Community Development Debt Service', 'SRV0123', 'AGC4312', true),
    ('CCA000452', 'Off-Street Parking Debt Service', 'SRV0123', 'AGC4312', true),
    ('CCA000453', 'Police Debt Service', 'SRV0123', 'AGC4312', true),
    ('CCA000454', 'Public Buildings Debt Service', 'SRV0123', 'AGC4312', true),
    ('CCA000455', 'Recreation and Parks Debt Service', 'SRV0123', 'AGC4312', true),
    ('CCA000456', 'Maryland Zoo in Baltimore Debt Service', 'SRV0123', 'AGC4312', true),
    ('CCA000457', 'General Debt Service Unallocated Appropriation', 'SRV0123', 'AGC4312', true),
    ('CCA000458', 'Community and Economic Development Debt Service', 'SRV0123', 'AGC4312', true),
    ('CCA000459', 'Recreation and Parks Public Facilities', 'SRV0123', 'AGC4312', true),
    ('CCA000460', 'Baltimore City Community College (BCCC) Educational Support', 'SRV0446', 'AGC4321', true),
    ('CCA000461', 'Community Schools and Out of School Time Funding', 'SRV0446', 'AGC4321', true),
    ('CCA000462', 'Directed Youth Funding', 'SRV0446', 'AGC4321', true),
    ('CCA000463', 'Expanded Youth Programming', 'SRV0446', 'AGC4321', true),
    ('CCA000464', 'Children and Youth Fund Grants', 'SRV0446', 'AGC4321', true),
    ('CCA000465', 'Children and Youth Fund Administration and Evaluation', 'SRV0446', 'AGC4321', true),
    ('CCA000466', 'Mayor''s Scholars Program at BCCC', 'SRV0446', 'AGC4321', true),
    ('CCA000467', 'Grant Pension Adjustments', 'SRV0355', 'AGC4377', true),
    ('CCA000468', 'Environmental Citation Adjudication', 'SRV0117', 'AGC4383', true),
    ('CCA000469', 'BMORE Beautiful', 'SRV0117', 'AGC4383', true),
    ('CCA000470', 'Adjudication of Environmental Citations Unallocated Appropriation', 'SRV0117', 'AGC4383', true),
    ('CCA000471', 'Legal Aid Bureau', 'SRV0385', 'AGC4316', true),
    ('CCA000472', 'Maryland School for the Blind', 'SRV0385', 'AGC4316', true),
    ('CCA000473', 'Pre and Postnatal Home Visiting', 'SRV0385', 'AGC4316', true),
    ('CCA000474', 'Membership Dues (MGE)', 'SRV0122', 'AGC4311', true),
    ('CCA000475', 'Voter Registration Campaign (MGE)', 'SRV0122', 'AGC4311', true),
    ('CCA000476', 'Ground Rents on City Property (MGE)', 'SRV0122', 'AGC4311', true),
    ('CCA000477', 'Special Legal Fees (MGE)', 'SRV0122', 'AGC4311', true),
    ('CCA000478', 'Special Studies (MGE)', 'SRV0122', 'AGC4311', true),
    ('CCA000479', 'Stadium Authority Contributions (MGE)', 'SRV0122', 'AGC4311', true),
    ('CCA000480', 'General Fund Reserve (MGE)', 'SRV0122', 'AGC4311', true),
    ('CCA000481', 'Special Projects (MGE)', 'SRV0122', 'AGC4311', true),
    ('CCA000482', 'Printing Board of Estimates Minutes (MGE)', 'SRV0122', 'AGC4311', true),
    ('CCA000483', 'Baltimore Radio Reading Service (MGE)', 'SRV0122', 'AGC4311', true),
    ('CCA000484', 'City Hall Exhibits (MGE)', 'SRV0122', 'AGC4311', true),
    ('CCA000485', 'Panel of Claims Examiners (MGE)', 'SRV0122', 'AGC4311', true),
    ('CCA000486', 'Independent Auditors (MGE)', 'SRV0122', 'AGC4311', true),
    ('CCA000487', 'Emergency Relocation (MGE)', 'SRV0122', 'AGC4311', true),
    ('CCA000488', 'MBE Outreach (MGE)', 'SRV0122', 'AGC4311', true),
    ('CCA000489', 'Marina Store Lease (MGE)', 'SRV0122', 'AGC4311', true),
    ('CCA000490', 'State Department of Assessments and Taxation (MGE)', 'SRV0122', 'AGC4311', true),
    ('CCA000491', 'Special Events (MGE)', 'SRV0122', 'AGC4311', true),
    ('CCA000492', 'AFSCME and CUB Bonuses (MGE)', 'SRV0122', 'AGC4311', true),
    ('CCA000493', 'Grants Deficit (MGE)', 'SRV0122', 'AGC4311', true),
    ('CCA000494', 'Compensated Work (MGE)', 'SRV0122', 'AGC4311', true),
    ('CCA000495', 'Pay for Performance (MGE)', 'SRV0122', 'AGC4311', true),
    ('CCA000496', 'Children and Family Success Administration (MOCFS)', 'SRV0109', 'AGC4309', true),
    ('CCA000497', 'African American Male Engagement (AAME)', 'SRV0125', 'AGC4301', true),
    ('CCA000498', 'Youth Services (MOCFS)', 'SRV0109', 'AGC4309', true),
    ('CCA000499', 'Social Services Salary Stipends', 'SRV0356', 'AGC4381', true),
    ('CCA000500', 'Casino Support Educational Partnerships (MOCFS)', 'SRV0109', 'AGC4309', true),
    ('CCA000501', 'Pimlico Impact Aid Youth Development (MOCFS)', 'SRV0109', 'AGC4309', true),
    ('CCA000502', 'Head Start Dayspring Sites', 'SRV0605', 'AGC4309', true),
    ('CCA000503', 'Head Start Union Baptist Johnston Center Part Day', 'SRV0605', 'AGC4309', true),
    ('CCA000504', 'Head Start Training and Technical Assistance', 'SRV0605', 'AGC4309', true),
    ('CCA000505', 'Head Start Grantee Operations', 'SRV0605', 'AGC4309', true),
    ('CCA000506', 'Casino Support Summer Head Start', 'SRV0605', 'AGC4309', true),
    ('CCA000507', 'Community Action Partnership Southeast Center', 'SRV0741', 'AGC4309', true),
    ('CCA000508', 'Community Action Partnership Eastern Center', 'SRV0741', 'AGC4309', true),
    ('CCA000509', 'Community Action Partnership Northwest Center', 'SRV0741', 'AGC4309', true),
    ('CCA000510', 'Community Action Partnership Southern Center', 'SRV0741', 'AGC4309', true),
    ('CCA000511', 'Community Action Partnership Northern Center', 'SRV0741', 'AGC4309', true),
    ('CCA000512', 'Community Action Partnership Administration', 'SRV0741', 'AGC4309', true),
    ('CCA000513', 'Community Action Partnership Office of Home Energy', 'SRV0741', 'AGC4309', true),
    ('CCA000514', 'Sexual Assault Response Team', 'SRV0617', 'AGC4346', true),
    ('CCA000515', 'Supervised Visitation (MONSE)', 'SRV0617', 'AGC4346', true),
    ('CCA000516', 'Human Trafficking', 'SRV0617', 'AGC4346', true),
    ('CCA000518', 'Criminal Justice Administration (MONSE)', 'SRV0617', 'AGC4346', true),
    ('CCA000519', 'Criminal Justice Coordination Unallocated Appropriation', 'SRV0617', 'AGC4346', true),
    ('CCA000520', 'Justice Assistance Grant (MONSE)', 'SRV0618', 'AGC4346', true),
    ('CCA000521', 'Safe Streets', 'SRV0618', 'AGC4346', true),
    ('CCA000522', 'Roca Program', 'SRV0618', 'AGC4346', true),
    ('CCA000523', 'Juvenile Diversion Services', 'SRV0619', 'AGC4346', true),
    ('CCA000525', 'Neighborhood Safety Administration', 'SRV0618', 'AGC4346', true),
    ('CCA000526', 'Casino Support Community Outreach (MONSE)', 'SRV0618', 'AGC4346', true),
    ('CCA000527', 'Pimlico Impact Aid Public Safety (MONSE)', 'SRV0618', 'AGC4346', true),
    ('CCA000528', 'Neighborhood Safety and Engagement Unallocated Appropriation', 'SRV0618', 'AGC4346', true),
    ('CCA000529', 'CitiWatch Monitoring and Maintenance', 'SRV0757', 'AGC4303', true),
    ('CCA000530', 'Casino Support Crime Cameras and Lighting', 'SRV0757', 'AGC4303', true),
    ('CCA000531', 'Gunshot Detection (MONSE)', 'SRV0757', 'AGC4303', true),
    ('CCA000533', 'Public Safety Strategy Executive Direction', 'SRV0758', 'AGC4346', true),
    ('CCA000534', 'Public Safety Strategy Grant Management', 'SRV0758', 'AGC4346', true),
    ('CCA000535', 'City Schools Alternative High School', 'SRV0791', 'AGC4500', true),
    ('CCA000536', 'Family Investment (MOED)', 'SRV0792', 'AGC4500', true),
    ('CCA000537', 'Workforce Services for TANF Recipients Unallocated Appropriation', 'SRV0792', 'AGC4500', true),
    ('CCA000538', 'zzDNU_Employment Enhancement Services for Baltimore City Residents', 'SRV0793', 'AGC4500', false),
    ('CCA000539', 'Casino Support Employment Connection (MOED)', 'SRV0793', 'AGC4500', true),
    ('CCA000540', 'Casino Support Job Training (MOED)', 'SRV0793', 'AGC4500', true),
    ('CCA000541', 'Job Hubs (MOED)', 'SRV0793', 'AGC4500', true),
    ('CCA000542', 'Employment Development Administration (MOED)', 'SRV0794', 'AGC4500', true),
    ('CCA000543', 'Local Hiring Coordination (MOED)', 'SRV0794', 'AGC4500', true),
    ('CCA000544', 'Workforce Services for Baltimore Residents', 'SRV0795', 'AGC4500', true),
    ('CCA000545', 'WIOA Adult', 'SRV0795', 'AGC4500', true),
    ('CCA000548', 'Workforce Services for Baltimore Residents Unallocated Appropriation', 'SRV0795', 'AGC4500', true),
    ('CCA000549', 'Workforce Services for Ex-Offenders', 'SRV0796', 'AGC4500', true),
    ('CCA000550', 'Ex-Offender MDPSCS Parole and Probation', 'SRV0796', 'AGC4500', true),
    ('CCA000551', 'Workforce Services for Ex-Offenders Unallocated Appropriation', 'SRV0796', 'AGC4500', true),
    ('CCA000552', 'Workforce Services Youth Opportunity', 'SRV0797', 'AGC4500', true),
    ('CCA000554', 'Workforce Services for Out of School Youth Unallocated Appropriation', 'SRV0797', 'AGC4500', true),
    ('CCA000555', 'Workforce Services Summer YouthWorks', 'SRV0798', 'AGC4500', true),
    ('CCA000556', 'Casino Support Youth Jobs (MOED)', 'SRV0798', 'AGC4500', true),
    ('CCA000557', 'zzDNU_Maryland Summer Youth', 'SRV0798', 'AGC4500', false),
    ('CCA000558', 'YouthWorks Unallocated Appropriation', 'SRV0798', 'AGC4500', true),
    ('CCA000559', 'zzDNU_Summer YouthWorks Enhancement', 'SRV0798', 'AGC4500', false),
    ('CCA000560', 'YouthWorks Summer Job Program', 'SRV0798', 'AGC4500', true),
    ('CCA000562', 'Workforce Services for WIAO Funded Youth Unallocated Appropriation', 'SRV0800', 'AGC4500', true),
    ('CCA000564', 'Homeless Services (MOHS) Administration', 'SRV0356', 'AGC4381', true),
    ('CCA000565', 'Continuum of Care (COC) Administration', 'SRV0356', 'AGC4381', true),
    ('CCA000566', 'Homeless Management Information System (HMIS) Administration', 'SRV0356', 'AGC4381', true),
    ('CCA000567', 'Planning Grant (MOHS)', 'SRV0356', 'AGC4381', true),
    ('CCA000568', 'Casino Support Homelessness Strategies (MOHS)', 'SRV0356', 'AGC4381', true),
    ('CCA000569', 'Eviction Prevention', 'SRV0893', 'AGC4381', true),
    ('CCA000570', 'Harford and Micah House', 'SRV0893', 'AGC4381', true),
    ('CCA000571', 'Homeless Prevention Program', 'SRV0893', 'AGC4381', true),
    ('CCA000572', 'Human Right to Housing Project', 'SRV0893', 'AGC4381', true),
    ('CCA000573', 'Resident Advocate', 'SRV0893', 'AGC4381', true),
    ('CCA000574', 'Youth Empowered Society', 'SRV0893', 'AGC4381', true),
    ('CCA000575', 'Homelessness Prevention', 'SRV0893', 'AGC4381', true),
    ('CCA000576', 'Project Connect (MOHS)', 'SRV0894', 'AGC4381', true),
    ('CCA000577', 'Beans and Bread (MOHS)', 'SRV0894', 'AGC4381', true),
    ('CCA000578', 'Convalescent Care Program (MOHS)', 'SRV0894', 'AGC4381', true),
    ('CCA000579', 'Day Resource Center Meal Program (MOHS)', 'SRV0894', 'AGC4381', true),
    ('CCA000580', 'Don Miller House (MOHS)', 'SRV0894', 'AGC4381', true),
    ('CCA000581', 'Eviction Prevention and Rapid Re-Housing', 'SRV0894', 'AGC4381', true),
    ('CCA000582', 'HIV AIDS Drop-In Center Food and Nutrition Services', 'SRV0894', 'AGC4381', true),
    ('CCA000583', 'Holden Hall (MOHS)', 'SRV0894', 'AGC4381', true),
    ('CCA000584', 'HOPWA Nursing Services', 'SRV0894', 'AGC4381', true),
    ('CCA000585', 'Joseph Richey House (MOHS)', 'SRV0894', 'AGC4381', true),
    ('CCA000586', 'HOPWA Outreach', 'SRV0894', 'AGC4381', true),
    ('CCA000587', 'People on the Move (MOHS)', 'SRV0894', 'AGC4381', true),
    ('CCA000588', 'HIV and AIDS Permanent Housing Services', 'SRV0894', 'AGC4381', true),
    ('CCA000589', 'Safe Shelter and Housing for Homeless Domestic Violence Survivors', 'SRV0894', 'AGC4381', true),
    ('CCA000590', 'Outreach Co-Occurring Illness', 'SRV0894', 'AGC4381', true),
    ('CCA000591', 'Youth Emergency Shelter', 'SRV0894', 'AGC4381', true),
    ('CCA000592', 'Homeless Street Outreach', 'SRV0894', 'AGC4381', true),
    ('CCA000593', 'Coordinated Access (MOHS)', 'SRV0894', 'AGC4381', true),
    ('CCA000594', 'Temporary Housing for Homeless', 'SRV0895', 'AGC4381', true),
    ('CCA000595', 'Youth Opportunity Emergency Shelter', 'SRV0895', 'AGC4381', true),
    ('CCA000596', 'Social Services Temporary Housing (MOHS)', 'SRV0895', 'AGC4381', true),
    ('CCA000597', 'Baker Street Station (MOHS)', 'SRV0895', 'AGC4381', true),
    ('CCA000598', 'Booth House Shelter (MOHS)', 'SRV0895', 'AGC4381', true),
    ('CCA000599', 'Men''s Overflow Shelter (MOHS)', 'SRV0895', 'AGC4381', true),
    ('CCA000600', 'New Vision House of Hope (MOHS)', 'SRV0895', 'AGC4381', true),
    ('CCA000601', 'Earl''s Place Transitional Housing (MOHS)', 'SRV0895', 'AGC4381', true),
    ('CCA000602', 'Emergency Shelter Homeless Women and Children', 'SRV0895', 'AGC4381', true),
    ('CCA000603', 'Winter Emergency Sheltering', 'SRV0895', 'AGC4381', true),
    ('CCA000604', 'McVet Emergency Shelter and Street Outreach', 'SRV0895', 'AGC4381', true),
    ('CCA000605', 'Sarah''s Hope Shelter', 'SRV0895', 'AGC4381', true),
    ('CCA000606', 'South Baltimore Station', 'SRV0895', 'AGC4381', true),
    ('CCA000607', 'Temporary Housing for Single Adults', 'SRV0895', 'AGC4381', true),
    ('CCA000608', 'Transitional Housing', 'SRV0895', 'AGC4381', true),
    ('CCA000609', 'Christopher''s Place (MOHS)', 'SRV0895', 'AGC4381', true),
    ('CCA000610', 'My Sister''s Place Lodge (MOHS)', 'SRV0895', 'AGC4381', true),
    ('CCA000611', 'Weinberg Shelter', 'SRV0895', 'AGC4381', true),
    ('CCA000612', 'House of Ruth', 'SRV0895', 'AGC4381', true),
    ('CCA000613', 'Saint Vincent De Paul Home Connections', 'SRV0895', 'AGC4381', true),
    ('CCA000614', 'Manna House (MOHS)', 'SRV0895', 'AGC4381', true),
    ('CCA000615', 'Transportation Hub (MOHS)', 'SRV0895', 'AGC4381', true),
    ('CCA000616', 'Weinberg Housing Resource Center', 'SRV0895', 'AGC4381', true),
    ('CCA000617', 'Carriage House (MOHS)', 'SRV0895', 'AGC4381', true),
    ('CCA000618', 'Permanent Housing for Homeless Administration', 'SRV0896', 'AGC4381', true),
    ('CCA000619', 'United Way Shelter Diversion', 'SRV0896', 'AGC4381', true),
    ('CCA000620', 'Front Door (MOHS)', 'SRV0896', 'AGC4381', true),
    ('CCA000621', 'Permanent Housing Home Connections', 'SRV0896', 'AGC4381', true),
    ('CCA000622', 'STABLE Justice Housing Project', 'SRV0896', 'AGC4381', true),
    ('CCA000623', 'Justice Housing', 'SRV0896', 'AGC4381', true),
    ('CCA000624', 'Project PLASE', 'SRV0896', 'AGC4381', true),
    ('CCA000625', 'County Rental Assistance (MOHS)', 'SRV0896', 'AGC4381', true),
    ('CCA000626', 'AIRS Shelter Plus Care Program', 'SRV0896', 'AGC4381', true),
    ('CCA000627', 'Project FRESH Start', 'SRV0896', 'AGC4381', true),
    ('CCA000628', 'Project BELIEVE', 'SRV0896', 'AGC4381', true),
    ('CCA000629', 'At Jacob''s Well (MOHS)', 'SRV0896', 'AGC4381', true),
    ('CCA000630', 'Dayspring Housing Programs', 'SRV0896', 'AGC4381', true),
    ('CCA000631', 'REACH Combined', 'SRV0896', 'AGC4381', true),
    ('CCA000632', 'Harford House and Micah House (MOHS)', 'SRV0896', 'AGC4381', true),
    ('CCA000633', 'Homeward Bound (MOHS)', 'SRV0896', 'AGC4381', true),
    ('CCA000634', 'Marian House (MOHS)', 'SRV0896', 'AGC4381', true),
    ('CCA000635', 'Serenity Place (MOHS)', 'SRV0896', 'AGC4381', true),
    ('CCA000636', 'TAMAR (MOHS)', 'SRV0896', 'AGC4381', true),
    ('CCA000637', 'Mercy Medical Center Supportive Housing Project', 'SRV0896', 'AGC4381', true),
    ('CCA000638', 'Permanent Housing for the Homeless Unallocated Appropriation', 'SRV0896', 'AGC4381', true),
    ('CCA000639', 'PEP Samaritan Project', 'SRV0896', 'AGC4381', true),
    ('CCA000640', 'Project PLASE Rental Assistance Program', 'SRV0896', 'AGC4381', true),
    ('CCA000641', 'Medically Fragile Service Responsibility Option', 'SRV0896', 'AGC4381', true),
    ('CCA000642', 'Scattered Site Permanent Housing', 'SRV0896', 'AGC4381', true),
    ('CCA000643', 'Saint Ambrose Housing Aid Center', 'SRV0896', 'AGC4381', true),
    ('CCA000644', 'HOPWA Rental and Short-Term Housing Assistance', 'SRV0896', 'AGC4381', true),
    ('CCA000645', 'HOPWA Support Services', 'SRV0896', 'AGC4381', true),
    ('CCA000646', 'HOPWA Permanent Housing Placement', 'SRV0896', 'AGC4381', true),
    ('CCA000647', 'Permanent Housing Saint Vincent De Paul Home Connections', 'SRV0896', 'AGC4381', true),
    ('CCA000648', 'Calverton Residence (MOHS)', 'SRV0896', 'AGC4381', true),
    ('CCA000649', 'Homeward Bound Expansion', 'SRV0896', 'AGC4381', true),
    ('CCA000650', 'Permanent Housing for Veterans', 'SRV0896', 'AGC4381', true),
    ('CCA000651', 'Rapid Re-Housing', 'SRV0896', 'AGC4381', true),
    ('CCA000652', 'Rental Assistance Multi-Grant', 'SRV0896', 'AGC4381', true),
    ('CCA000653', 'Information and Technology Administration (BCIT)', 'SRV0802', 'AGC4303', true),
    ('CCA000654', 'Information and Technology Fiscal Services (BCIT)', 'SRV0802', 'AGC4303', true),
    ('CCA000655', 'Information and Technology Human Resources (BCIT)', 'SRV0802', 'AGC4303', true),
    ('CCA000656', 'Enterprise Application Support', 'SRV0803', 'AGC4303', true),
    ('CCA000657', 'Enterprise Project Management Office', 'SRV0803', 'AGC4303', true),
    ('CCA000658', 'Mainframe', 'SRV0803', 'AGC4303', true),
    ('CCA000659', 'Data Warehouse', 'SRV0803', 'AGC4303', true),
    ('CCA000660', 'Geographic Information System (BCIT)', 'SRV0803', 'AGC4303', true),
    ('CCA000661', 'Contract Repository (BCIT)', 'SRV0803', 'AGC4303', true),
    ('CCA000662', 'Digital Transformation', 'SRV0803', 'AGC4303', true),
    ('CCA000663', 'Enterprise Resource Planning (ERP) (BCIT)', 'SRV0803', 'AGC4303', true),
    ('CCA000664', '311 Service (BCIT)', 'SRV0804', 'AGC4303', true),
    ('CCA000665', 'Enterprise IT Infrastructure Support Services', 'SRV0805', 'AGC4303', true),
    ('CCA000666', 'Enterprise IT Customer Support Service', 'SRV0805', 'AGC4303', true),
    ('CCA000667', 'Enterprise IT Information Security', 'SRV0805', 'AGC4303', true),
    ('CCA000668', 'Enterprise IT Server Maintenance', 'SRV0805', 'AGC4303', true),
    ('CCA000669', 'Enterprise IT Network Maintenance', 'SRV0805', 'AGC4303', true),
    ('CCA000670', 'Enterprise IT Fiber', 'SRV0805', 'AGC4303', true),
    ('CCA000671', 'Enterprise IT 800 MHZ', 'SRV0805', 'AGC4303', true),
    ('CCA000672', 'Enterprise IT Hardware and Software Replacement', 'SRV0805', 'AGC4303', true),
    ('CCA000673', 'Enterprise IT Computer Aided Dispatch', 'SRV0805', 'AGC4303', true),
    ('CCA000674', 'Enterprise IT Ransomware Recovery', 'SRV0805', 'AGC4303', true),
    ('CCA000675', 'Inspector General (OIG) Administration', 'SRV0836', 'AGC4308', true),
    ('CCA000676', 'Labor Relations', 'SRV0128', 'AGC4341', true),
    ('CCA000677', 'Retiree Benefits', 'SRV0351', 'AGC4376', true),
    ('CCA000678', 'Affordable Care Act Fees', 'SRV0351', 'AGC4376', true),
    ('CCA000679', 'OPEB Trust Contribution', 'SRV0351', 'AGC4376', true),
    ('CCA000680', 'Retiree Benefits Cost Transfers', 'SRV0351', 'AGC4376', true),
    ('CCA000681', 'Self-Insurance Property and Reserve', 'SRV0126', 'AGC4313', true),
    ('CCA000682', 'City Schools Risk Management', 'SRV0126', 'AGC4313', true),
    ('CCA000683', 'Self-Insurance Auto and Animal Liability', 'SRV0126', 'AGC4313', true),
    ('CCA000684', 'Self-Insurance General Tort Liability', 'SRV0126', 'AGC4313', true),
    ('CCA000685', 'City Insurance Policies and Administration', 'SRV0126', 'AGC4313', true),
    ('CCA000686', 'Amortization of Unfunded Liability', 'SRV0126', 'AGC4313', true),
    ('CCA000687', 'Risk Management Administration', 'SRV0126', 'AGC4313', true),
    ('CCA000688', 'Unemployment Compensation', 'SRV0126', 'AGC4313', true),
    ('CCA000689', 'Workers'' Compensation Administration', 'SRV0126', 'AGC4313', true),
    ('CCA000690', 'Belvedere Square TIF Debt Service', 'SRV0124', 'AGC4315', true),
    ('CCA000691', 'Clipper Mill TIF Debt Service', 'SRV0124', 'AGC4315', true),
    ('CCA000692', 'Harborview TIF Debt Service', 'SRV0124', 'AGC4315', true),
    ('CCA000693', 'Strathdale Manor TIF Debt Service', 'SRV0124', 'AGC4315', true),
    ('CCA000694', 'Harbor Point TIF Debt Service', 'SRV0124', 'AGC4315', true),
    ('CCA000695', 'Mondawmin Mall TIF Debt Service', 'SRV0124', 'AGC4315', true),
    ('CCA000696', 'North Locust Point TIF Debt Service', 'SRV0124', 'AGC4315', true),
    ('CCA000697', 'EBDI Phase Two TIF Debt Service', 'SRV0124', 'AGC4315', true),
    ('CCA000698', 'Poppleton TIF Debt Service', 'SRV0124', 'AGC4315', true),
    ('CCA000699', 'TIF Debt Service Unallocated Appropriation', 'SRV0124', 'AGC4315', true),
    ('CCA000700', 'Zoning, Tax, and Other Appeals', 'SRV0185', 'AGC7900', true),
    ('CCA000701', 'Wage Commission Administration', 'SRV0656', 'AGC5500', true),
    ('CCA000702', 'Disabilities Commission', 'SRV0656', 'AGC5500', true),
    ('CCA000703', 'Discrimination Investigations, Resolutions, and Conciliations', 'SRV0846', 'AGC5500', true),
    ('CCA000704', 'Police Community Relations (Civil Rights)', 'SRV0848', 'AGC5500', true),
    ('CCA000705', 'Planning Development Oversight', 'SRV0761', 'AGC5700', true),
    ('CCA000706', 'Historic Preservation', 'SRV0762', 'AGC5700', true),
    ('CCA000707', 'Comprehensive Planning', 'SRV0763', 'AGC5700', true),
    ('CCA000708', 'Casino Support Environmental Education (Planning)', 'SRV0763', 'AGC5700', true),
    ('CCA000709', 'Pimlico Impact Aid PCDA Administration (Planning)', 'SRV0763', 'AGC5700', true),
    ('CCA000710', 'Pimlico Impact Aid Community Based Projects (Planning)', 'SRV0763', 'AGC5700', true),
    ('CCA000711', 'Sustainability', 'SRV0765', 'AGC5700', true),
    ('CCA000712', 'Resident Food Equity Advisors', 'SRV0765', 'AGC5700', true),
    ('CCA000713', 'Healthy Food Priority Area', 'SRV0765', 'AGC5700', true),
    ('CCA000714', 'Planning Administration', 'SRV0768', 'AGC5700', true),
    ('CCA000715', 'Census 2020 Project', 'SRV0768', 'AGC5700', true),
    ('CCA000716', 'Human Resources Division (BPD)', 'SRV0621', 'AGC5900', true),
    ('CCA000717', 'Fiscal Services Division (BPD)', 'SRV0621', 'AGC5900', true),
    ('CCA000719', 'Grants Section (BPD)', 'SRV0621', 'AGC5900', true),
    ('CCA000723', 'Public Affairs Division (BPD)', 'SRV0621', 'AGC5900', true),
    ('CCA000724', 'Non-Actuarial Retirement Benefits (BPD)', 'SRV0621', 'AGC5900', true),
    ('CCA000725', 'Office of the Police Commissioner', 'SRV0621', 'AGC5900', true),
    ('CCA000726', 'Legal Affairs (BPD)', 'SRV0621', 'AGC5900', true),
    ('CCA000727', 'DNU_Equal Opportunity and Diversity Section (BPD)', 'SRV0621', 'AGC5900', true),
    ('CCA000729', 'Asset Management (BPD)', 'SRV0621', 'AGC5900', true),
    ('CCA000731', 'Employee Health and Wellness (BPD)', 'SRV0621', 'AGC5900', true),
    ('CCA000733', 'Administration and Information Technology Unallocated Appropriation (BPD)', 'SRV0621', 'AGC5900', true),
    ('CCA000737', 'General Street Patrol (BPD)', 'SRV0622', 'AGC5900', true),
    ('CCA000738', 'Quartermaster (BPD)', 'SRV0621', 'AGC5900', true),
    ('CCA000739', 'Casino Patrol Support (BPD)', 'SRV0622', 'AGC5900', true),
    ('CCA000740', 'Patrol Administration (BPD)', 'SRV0622', 'AGC5900', true),
    ('CCA000741', 'Southern District (BPD)', 'SRV0622', 'AGC5900', true),
    ('CCA000742', 'Central District (BPD)', 'SRV0622', 'AGC5900', true),
    ('CCA000743', 'Northwestern District (BPD)', 'SRV0622', 'AGC5900', true),
    ('CCA000744', 'Northern District (BPD)', 'SRV0622', 'AGC5900', true),
    ('CCA000745', 'Eastern District (BPD)', 'SRV0622', 'AGC5900', true),
    ('CCA000746', 'Southeastern District (BPD)', 'SRV0622', 'AGC5900', true),
    ('CCA000747', 'Northeastern District (BPD)', 'SRV0622', 'AGC5900', true),
    ('CCA000748', 'Western District (BPD)', 'SRV0622', 'AGC5900', true),
    ('CCA000749', 'Southwestern District (BPD)', 'SRV0622', 'AGC5900', true),
    ('CCA000750', 'DNU_Mobile Metro Unit (BPD)', 'SRV0622', 'AGC5900', true),
    ('CCA000751', 'Patrol Unallocated Appropriation (BPD)', 'SRV0622', 'AGC5900', true),
    ('CCA000752', 'Criminal Investigation Administration (BPD)', 'SRV0623', 'AGC5900', true),
    ('CCA000754', 'DNU_Special Investigative Section (BPD)', 'SRV0623', 'AGC5900', true),
    ('CCA000755', 'DNU_Sex Offense Registry (BPD)', 'SRV0623', 'AGC5900', true),
    ('CCA000756', 'DNU_Homicide and Robbery Section (BPD)', 'SRV0623', 'AGC5900', true),
    ('CCA000759', 'DNU_Family Violence (BPD)', 'SRV0623', 'AGC5900', true),
    ('CCA000760', 'Regional Auto Theft Taskforce and Auto Crimes (BPD)', 'SRV0623', 'AGC5900', true),
    ('CCA000762', 'Drug Enforcement Section (BPD)', 'SRV0623', 'AGC5900', true),
    ('CCA000764', 'Gun Violence Reduction (BPD)', 'SRV0623', 'AGC5900', true),
    ('CCA000765', 'Warrant Apprehension Task Force (BPD)', 'SRV0623', 'AGC5900', true),
    ('CCA000766', 'Target Violent Criminals (BPD)', 'SRV0623', 'AGC5900', true),
    ('CCA000770', 'DNU_Operational Intelligence Section (BPD)', 'SRV0626', 'AGC5900', true),
    ('CCA000771', 'Analytical Intelligence (BPD)', 'SRV0626', 'AGC5900', true),
    ('CCA000772', 'Operational and Analytical Intelligence Unallocated Appropriation', 'SRV0626', 'AGC5900', true),
    ('CCA000775', 'Internal Investigation Section (BPD)', 'SRV0628', 'AGC5900', true),
    ('CCA000776', 'DNU_Central Record Keeping (BPD)', 'SRV0621', 'AGC5900', true),
    ('CCA000777', 'Traffic Section (BPD)', 'SRV0816', 'AGC5900', true),
    ('CCA000778', 'Crossing Guard Reimbursement (BPD)', 'SRV0816', 'AGC5900', true),
    ('CCA000779', 'Traffic Safety (BPD)', 'SRV0816', 'AGC5900', true),
    ('CCA000782', 'Sworn Recruitment (BPD)', 'SRV0635', 'AGC5900', true),
    ('CCA000783', 'K-9 Unit (BPD)', 'SRV0816', 'AGC5900', true),
    ('CCA000784', 'Mounted Unit (BPD)', 'SRV0816', 'AGC5900', true),
    ('CCA000785', 'Marine Unit (BPD)', 'SRV0816', 'AGC5900', true),
    ('CCA000787', 'Crime Laboratory (BPD)', 'SRV0642', 'AGC5900', true),
    ('CCA000788', 'Evidence Control (BPD)', 'SRV0642', 'AGC5900', true),
    ('CCA000789', 'Solid Waste Administration (DPW)', 'SRV0660', 'AGC6100', true),
    ('CCA000790', 'Casino Support Cleaning Waterways', 'SRV0661', 'AGC6100', true),
    ('CCA000791', 'DPW Marine Operations', 'SRV0661', 'AGC6100', true),
    ('CCA000792', 'Cleaning of Business Districts', 'SRV0661', 'AGC6100', true),
    ('CCA000793', 'Street and Alley Cleaning', 'SRV0661', 'AGC6100', true),
    ('CCA000794', 'Mechanical Sweeping Operation', 'SRV0661', 'AGC6100', true),
    ('CCA000795', 'Casino Support Sanitation Staffing (DPW)', 'SRV0661', 'AGC6100', true),
    ('CCA000796', 'Pimlico Impact Aid Street Cleaning (DPW)', 'SRV0661', 'AGC6100', true),
    ('CCA000797', 'Graffiti Removal', 'SRV0661', 'AGC6100', true),
    ('CCA000798', 'Public Right of Way Cleaning Unallocated Appropriation', 'SRV0661', 'AGC6100', true),
    ('CCA000799', 'Vacant Abandoned Property Cleaning and Boarding', 'SRV0662', 'AGC6100', true),
    ('CCA000800', 'Rat Control', 'SRV0662', 'AGC6100', true),
    ('CCA000801', 'Household Hazardous Waste Disposal', 'SRV0663', 'AGC6100', true),
    ('CCA000802', 'Mixed Refuse Collection', 'SRV0663', 'AGC6100', true),
    ('CCA000803', 'Recycling Administration', 'SRV0663', 'AGC6100', true),
    ('CCA000804', 'Bulk Trash Collection', 'SRV0663', 'AGC6100', true),
    ('CCA000805', 'Condominium Collections', 'SRV0663', 'AGC6100', true),
    ('CCA000806', 'Municipal Can Program', 'SRV0663', 'AGC6100', true),
    ('CCA000807', 'Waste Removal and Recycling Unallocated Appropriation', 'SRV0663', 'AGC6100', true),
    ('CCA000808', 'Wheelabrator Disposal', 'SRV0664', 'AGC6100', true),
    ('CCA000809', 'Single-Stream Recycling', 'SRV0664', 'AGC6100', true),
    ('CCA000810', 'Landfill Operation', 'SRV0664', 'AGC6100', true),
    ('CCA000811', 'Landfill Closure Fund Contribution', 'SRV0664', 'AGC6100', true),
    ('CCA000812', 'Landfill Development Fund Contribution', 'SRV0664', 'AGC6100', true),
    ('CCA000813', 'Northwest Transfer Station Operation', 'SRV0664', 'AGC6100', true),
    ('CCA000814', 'Public Works Administration Overhead', 'SRV0670', 'AGC6100', true),
    ('CCA000815', 'City Utility Overhead (DPW)', 'SRV0670', 'AGC6100', true),
    ('CCA000816', 'Water and Wastewater Administration', 'SRV0670', 'AGC6100', true),
    ('CCA000817', 'Utility Safety (DPW)', 'SRV0670', 'AGC6100', true),
    ('CCA000818', 'Utility Inventory Management (DPW)', 'SRV0670', 'AGC6100', true),
    ('CCA000819', 'Water Baltimore City Operations and Maintenance', 'SRV0671', 'AGC6100', true),
    ('CCA000820', 'Water Baltimore City Operations and Maintenance Westside', 'SRV0671', 'AGC6100', true),
    ('CCA000821', 'Water Baltimore County Operations and Maintenance', 'SRV0671', 'AGC6100', true),
    ('CCA000822', 'Water Baltimore County Operations and Maintenance Westside', 'SRV0671', 'AGC6100', true),
    ('CCA000823', 'Water Chlorinator Stations', 'SRV0671', 'AGC6100', true),
    ('CCA000824', 'Water Reservoirs and Tanks Operations and Maintenance', 'SRV0671', 'AGC6100', true),
    ('CCA000825', 'Water Conservation Baltimore City', 'SRV0671', 'AGC6100', true),
    ('CCA000826', 'Water Conservation Baltimore County', 'SRV0671', 'AGC6100', true),
    ('CCA000827', 'Water Facilities Administration', 'SRV0671', 'AGC6100', true),
    ('CCA000828', 'Water Filtration Plants', 'SRV0671', 'AGC6100', true),
    ('CCA000829', 'Water Maintenance Administration', 'SRV0671', 'AGC6100', true),
    ('CCA000830', 'Water Paving Cuts', 'SRV0671', 'AGC6100', true),
    ('CCA000831', 'Water Pumping Stations', 'SRV0671', 'AGC6100', true),
    ('CCA000832', 'Water Laboratory Services', 'SRV0671', 'AGC6100', true),
    ('CCA000833', 'Water Storeroom, Yards Operations, and Maintenance', 'SRV0671', 'AGC6100', true),
    ('CCA000834', 'Watershed Maintenance', 'SRV0671', 'AGC6100', true),
    ('CCA000835', 'Watershed Safety', 'SRV0671', 'AGC6100', true),
    ('CCA000836', 'Water Management Communication Center', 'SRV0671', 'AGC6100', true),
    ('CCA000837', 'Water Preventive Maintenance Baltimore City', 'SRV0671', 'AGC6100', true),
    ('CCA000838', 'Water Preventive Maintenance Baltimore County', 'SRV0671', 'AGC6100', true),
    ('CCA000839', 'Water Management Unallocated Appropriation', 'SRV0671', 'AGC6100', true),
    ('CCA000840', 'Water and Wastewater Meter Operations Baltimore City', 'SRV0672', 'AGC6100', true),
    ('CCA000841', 'Water and Wastewater Meter Operations Baltimore County', 'SRV0672', 'AGC6100', true),
    ('CCA000842', 'Water and Wastewater Meter Operations Administration', 'SRV0672', 'AGC6100', true),
    ('CCA000843', 'Water and Wastewater Utility Billing', 'SRV0672', 'AGC6100', true),
    ('CCA000844', 'Water and Wastewater Work Control Center', 'SRV0672', 'AGC6100', true),
    ('CCA000845', 'Water and Wastewater Consumer Services Communication Center', 'SRV0672', 'AGC6100', true),
    ('CCA000846', 'Water and Wastewater Utility Support', 'SRV0672', 'AGC6100', true),
    ('CCA000847', 'Water and Wastewater Consumer Services Cost Transfers', 'SRV0672', 'AGC6100', true),
    ('CCA000848', 'Back River Wastewater Treatment Plant Maintenance', 'SRV0673', 'AGC6100', true),
    ('CCA000849', 'Back River Wastewater Treatment Plant Operations', 'SRV0673', 'AGC6100', true),
    ('CCA000850', 'Supervisory Control and Data Acquisition (SCADA)', 'SRV0673', 'AGC6100', true),
    ('CCA000851', 'Wastewater Inflow and Infiltration', 'SRV0673', 'AGC6100', true),
    ('CCA000852', 'Wastewater Laboratory Services', 'SRV0673', 'AGC6100', true),
    ('CCA000853', 'Wastewater Maintenance and Repair of Sanitary Systems', 'SRV0673', 'AGC6100', true),
    ('CCA000854', 'Patapsco Wastewater Treatment Plant Operations', 'SRV0673', 'AGC6100', true),
    ('CCA000855', 'Patapsco Wastewater Treatment Plant Maintenance', 'SRV0673', 'AGC6100', true),
    ('CCA000856', 'Wastewater Pollution Control', 'SRV0673', 'AGC6100', true),
    ('CCA000857', 'Wastewater Facilities Administration', 'SRV0673', 'AGC6100', true),
    ('CCA000858', 'Wastewater Pumping Stations', 'SRV0673', 'AGC6100', true),
    ('CCA000859', 'Wastewater Pumping Stations Maintenance', 'SRV0673', 'AGC6100', true),
    ('CCA000860', 'Wastewater Preventive Maintenance Sanitary System', 'SRV0673', 'AGC6100', true),
    ('CCA000861', 'Maintenance and Repair of Stormwater Systems', 'SRV0674', 'AGC6100', true),
    ('CCA000862', 'Stormwater Waterway Maintenance', 'SRV0674', 'AGC6100', true),
    ('CCA000863', 'Water Quality Monitoring and Inspections', 'SRV0674', 'AGC6100', true),
    ('CCA000864', 'Watershed Liaison', 'SRV0674', 'AGC6100', true),
    ('CCA000865', 'Stormwater Engineering', 'SRV0674', 'AGC6100', true),
    ('CCA000866', 'Stormwater Management Administration', 'SRV0674', 'AGC6100', true),
    ('CCA000867', 'Stormwater Flood Warning', 'SRV0674', 'AGC6100', true),
    ('CCA000868', 'Stormwater Debt Service', 'SRV0674', 'AGC6100', true),
    ('CCA000869', 'Surface Water Plans Review', 'SRV0674', 'AGC6100', true),
    ('CCA000870', 'Stormwater Environmental Affairs section', 'SRV0674', 'AGC6100', true),
    ('CCA000871', 'Stormwater Preventive Maintenance', 'SRV0674', 'AGC6100', true),
    ('CCA000872', 'Stormwater Maintenance Information', 'SRV0674', 'AGC6100', true),
    ('CCA000873', 'Stormwater Planning and Analysis', 'SRV0674', 'AGC6100', true),
    ('CCA000874', 'Wastewater Engineering', 'SRV0675', 'AGC6100', true),
    ('CCA000875', 'Wastewater Facilities Engineering', 'SRV0675', 'AGC6100', true),
    ('CCA000876', 'Wastewater Facilities Inspection', 'SRV0675', 'AGC6100', true),
    ('CCA000877', 'Wastewater Utility Inspection', 'SRV0675', 'AGC6100', true),
    ('CCA000878', 'Water Engineering', 'SRV0675', 'AGC6100', true),
    ('CCA000879', 'Water Facilities Engineering', 'SRV0675', 'AGC6100', true),
    ('CCA000880', 'Water Facilities Inspection', 'SRV0675', 'AGC6100', true),
    ('CCA000881', 'Water Utility Inspection', 'SRV0675', 'AGC6100', true),
    ('CCA000882', 'Wastewater Utility Debt Service', 'SRV0675', 'AGC6100', true),
    ('CCA000883', 'Water Utility Debt Service', 'SRV0675', 'AGC6100', true),
    ('CCA000884', 'Water and Wastewater Engineering GIS Lab', 'SRV0675', 'AGC6100', true),
    ('CCA000885', 'Water and Wastewater Asset Management Administration', 'SRV0675', 'AGC6100', true),
    ('CCA000886', 'Water and Wastewater Engineering Preventive Maintenance', 'SRV0675', 'AGC6100', true),
    ('CCA000887', 'Water and Wastewater Engineering Maintenance Information', 'SRV0675', 'AGC6100', true),
    ('CCA000888', 'Water and Wastewater Engineering Planning and Analysis', 'SRV0675', 'AGC6100', true),
    ('CCA000889', 'Public Works Administration (DPW)', 'SRV0676', 'AGC6100', true),
    ('CCA000890', 'Public Works Human Resources (DPW)', 'SRV0676', 'AGC6100', true),
    ('CCA000891', 'Public Works Fiscal Administration (DPW)', 'SRV0676', 'AGC6100', true),
    ('CCA000892', 'Public Works Computer Services (DPW)', 'SRV0676', 'AGC6100', true),
    ('CCA000893', 'Public Works Boards and Commissions (DPW)', 'SRV0676', 'AGC6100', true),
    ('CCA000894', 'Public Works Contract Administration (DPW)', 'SRV0676', 'AGC6100', true),
    ('CCA000895', 'Public Works Legislative Affairs (DPW)', 'SRV0676', 'AGC6100', true),
    ('CCA000896', 'Public Works Communications and Community Affairs (DPW)', 'SRV0676', 'AGC6100', true),
    ('CCA000897', 'Public Works Training and Professional Development', 'SRV0676', 'AGC6100', true),
    ('CCA000898', 'Public Works Office of Strategy And Performance (OSAP)', 'SRV0676', 'AGC6100', true),
    ('CCA000899', 'Public Works Office of General Counsel', 'SRV0676', 'AGC6100', true),
    ('CCA000900', 'Public Works Administration Cost Transfers (DPW)', 'SRV0676', 'AGC6100', true),
    ('CCA000901', 'Energy Performance Administration', 'SRV0730', 'AGC2600', true),
    ('CCA000903', 'Energy Performance Unallocated Appropriation', 'SRV0730', 'AGC2600', true),
    ('CCA000904', 'Recreation and Parks Director''s Office', 'SRV0644', 'AGC6300', true),
    ('CCA000905', 'Recreation and Parks Engineering Services', 'SRV0644', 'AGC6300', true),
    ('CCA000906', 'Recreation and Parks Information Technology', 'SRV0644', 'AGC6300', true),
    ('CCA000907', 'Recreation and Parks Fiscal Services', 'SRV0644', 'AGC6300', true),
    ('CCA000908', 'Recreation and Parks Personnel Services', 'SRV0644', 'AGC6300', true),
    ('CCA000909', 'Recreation and Parks Office of Development and Media Services', 'SRV0644', 'AGC6300', true),
    ('CCA000910', 'Recreation and Parks Administration Building', 'SRV0644', 'AGC6300', true),
    ('CCA000911', 'Recreation and Parks Office of Partnerships', 'SRV0644', 'AGC6300', true),
    ('CCA000912', 'Recreation and Parks Security Risk and Fleet Management', 'SRV0644', 'AGC6300', true),
    ('CCA000913', 'Aquatics Administration', 'SRV0645', 'AGC6300', true),
    ('CCA000914', 'Park Pools', 'SRV0645', 'AGC6300', true),
    ('CCA000915', 'Indoor Pools', 'SRV0645', 'AGC6300', true),
    ('CCA000916', 'Neighborhood Pools', 'SRV0645', 'AGC6300', true),
    ('CCA000917', 'Parks Administration', 'SRV0646', 'AGC6300', true),
    ('CCA000918', 'Casino Support Carroll Park District Operations (BCRP)', 'SRV0646', 'AGC6300', true),
    ('CCA000919', 'Parks Natural Resources Management', 'SRV0646', 'AGC6300', true),
    ('CCA000920', 'Carroll Park District Park Maintenance', 'SRV0646', 'AGC6300', true),
    ('CCA000921', 'Clifton Park District Park Maintenance', 'SRV0646', 'AGC6300', true),
    ('CCA000922', 'Druid Hill Park District Park Maintenance', 'SRV0646', 'AGC6300', true),
    ('CCA000923', 'Gwynns Falls District Park Maintenance', 'SRV0646', 'AGC6300', true),
    ('CCA000924', 'Patterson Park District Park Maintenance', 'SRV0646', 'AGC6300', true),
    ('CCA000925', 'Youth and Adult Sports Administration', 'SRV0647', 'AGC6300', true),
    ('CCA000926', 'Division of Youth and Adult Sports', 'SRV0647', 'AGC6300', true),
    ('CCA000927', 'Recreation Center Administration', 'SRV0648', 'AGC6300', true),
    ('CCA000928', 'Recreation Center Support', 'SRV0648', 'AGC6300', true),
    ('CCA000929', 'Recreation Field Support', 'SRV0648', 'AGC6300', true),
    ('CCA000930', 'Cahill Recreation Center', 'SRV0648', 'AGC6300', true),
    ('CCA000931', 'Curtis Bay Recreation Center', 'SRV0648', 'AGC6300', true),
    ('CCA000932', 'DeWees Recreation Center', 'SRV0648', 'AGC6300', true),
    ('CCA000933', 'Edgewood Lyndhurst Recreation Center', 'SRV0648', 'AGC6300', true),
    ('CCA000934', 'Greenmount Recreation Center', 'SRV0648', 'AGC6300', true),
    ('CCA000935', 'Herring Run Recreation Center', 'SRV0648', 'AGC6300', true),
    ('CCA000936', 'Locust Point Recreation Center', 'SRV0648', 'AGC6300', true),
    ('CCA000937', 'Madison Square Recreation Center', 'SRV0648', 'AGC6300', true),
    ('CCA000938', 'Medfield Recreation Center', 'SRV0648', 'AGC6300', true),
    ('CCA000939', 'Morrell Park Recreation Center', 'SRV0648', 'AGC6300', true),
    ('CCA000940', 'Oliver Recreation Center', 'SRV0648', 'AGC6300', true),
    ('CCA000941', 'Middle Branch Fitness and Wellness Center', 'SRV0648', 'AGC6300', true),
    ('CCA000942', 'Samuel F B Morse Recreation Center', 'SRV0648', 'AGC6300', true),
    ('CCA000943', 'Chick Webb Recreation Center', 'SRV0648', 'AGC6300', true),
    ('CCA000944', 'C C Jackson Recreation Center', 'SRV0648', 'AGC6300', true),
    ('CCA000945', 'Farring Baybrook Therapeutic Recreation Center', 'SRV0648', 'AGC6300', true),
    ('CCA000946', 'Clifton Park Rita Church Recreation Center', 'SRV0648', 'AGC6300', true),
    ('CCA000947', 'Patterson Park Recreation Center', 'SRV0648', 'AGC6300', true),
    ('CCA000948', 'Roosevelt Recreation Center', 'SRV0648', 'AGC6300', true),
    ('CCA000949', 'Solo Gibbs Recreation Center', 'SRV0648', 'AGC6300', true),
    ('CCA000950', 'Bentalou Recreation Center', 'SRV0648', 'AGC6300', true),
    ('CCA000951', 'Carroll F Cook Recreation Center', 'SRV0648', 'AGC6300', true),
    ('CCA000952', 'Ella Bailey Recreation Center', 'SRV0648', 'AGC6300', true),
    ('CCA000953', 'Fred B Leidig Recreation Center', 'SRV0648', 'AGC6300', true),
    ('CCA000954', 'Fort Worthington Recreation Center', 'SRV0648', 'AGC6300', true),
    ('CCA000955', 'Gardenville Recreation Center', 'SRV0648', 'AGC6300', true),
    ('CCA000956', 'James D Gross Recreation Center', 'SRV0648', 'AGC6300', true),
    ('CCA000957', 'James McHenry Recreation Center', 'SRV0648', 'AGC6300', true),
    ('CCA000958', 'Lakeland Recreation Center', 'SRV0648', 'AGC6300', true),
    ('CCA000959', 'Mary E Rodman Recreation Center', 'SRV0648', 'AGC6300', true),
    ('CCA000960', 'Mora Crossman Recreation Center', 'SRV0648', 'AGC6300', true),
    ('CCA000961', 'Mount Royal Recreation Center', 'SRV0648', 'AGC6300', true),
    ('CCA000962', 'Northwood Recreation Center', 'SRV0648', 'AGC6300', true),
    ('CCA000963', 'Robert C Marshall Recreation Center', 'SRV0648', 'AGC6300', true),
    ('CCA000964', 'Woodhome Recreation Center', 'SRV0648', 'AGC6300', true),
    ('CCA000965', 'Coldstream Recreation Center', 'SRV0648', 'AGC6300', true),
    ('CCA000966', 'Collington Square Recreation Center', 'SRV0648', 'AGC6300', true),
    ('CCA000967', 'Cecil Kirk Recreation Center', 'SRV0648', 'AGC6300', true),
    ('CCA000968', 'Lillian Jones Recreation Center', 'SRV0648', 'AGC6300', true),
    ('CCA000969', 'Capital Improvements (BCRP Only)', 'SRV0648', 'AGC6300', true),
    ('CCA000970', 'Parkview Recreation Center', 'SRV0648', 'AGC6300', true),
    ('CCA000971', 'Walter P Carter Recreation Center', 'SRV0648', 'AGC6300', true),
    ('CCA000972', 'Recreation Center Facilities Expansion', 'SRV0648', 'AGC6300', true),
    ('CCA000973', 'Recreation District Administration', 'SRV0648', 'AGC6300', true),
    ('CCA000974', 'Mount Pleasant Ice Rink', 'SRV0649', 'AGC6300', true),
    ('CCA000975', 'Du Burns Arena', 'SRV0649', 'AGC6300', true),
    ('CCA000976', 'North West Driving Range', 'SRV0649', 'AGC6300', true),
    ('CCA000977', 'Mimi DiPietro Ice Rink', 'SRV0649', 'AGC6300', true),
    ('CCA000978', 'Shake and Bake Center', 'SRV0649', 'AGC6300', true),
    ('CCA000979', 'Middle Branch Water Resource Center', 'SRV0649', 'AGC6300', true),
    ('CCA000980', 'William Myers Indoor Soccer Pavilion', 'SRV0649', 'AGC6300', true),
    ('CCA000981', 'Carrie Murray Nature Center', 'SRV0649', 'AGC6300', true),
    ('CCA000982', 'Cylburn Arboretum', 'SRV0650', 'AGC6300', true),
    ('CCA000983', 'Horticulture', 'SRV0650', 'AGC6300', true),
    ('CCA000984', 'City Farms (BCRP)', 'SRV0650', 'AGC6300', true),
    ('CCA000985', 'Rawlings Conservatory', 'SRV0650', 'AGC6300', true),
    ('CCA000986', 'Pimlico Impact Aid Northern Parkway Median (BCRP)', 'SRV0650', 'AGC6300', true),
    ('CCA000987', 'Recreation for Older Adults', 'SRV0651', 'AGC6300', true),
    ('CCA000988', 'Therapeutic Recreation', 'SRV0652', 'AGC6300', true),
    ('CCA000989', 'Permits Administration', 'SRV0653', 'AGC6300', true),
    ('CCA000990', 'Park Rangers', 'SRV0653', 'AGC6300', true),
    ('CCA000991', 'Parks Music and Special Events (BCRP)', 'SRV0653', 'AGC6300', true),
    ('CCA000992', 'Urban Forestry Natural Resources Management', 'SRV0654', 'AGC6300', true),
    ('CCA000993', 'Street Tree Planting and Maintenance', 'SRV0654', 'AGC6300', true),
    ('CCA000994', 'Camp Small', 'SRV0654', 'AGC6300', true),
    ('CCA000995', 'Sheriff Security Division', 'SRV0881', 'AGC6500', true),
    ('CCA000996', 'Sheriff Courthouse Security State Pension', 'SRV0881', 'AGC6500', true),
    ('CCA000997', 'Sheriff Deputy Division', 'SRV0882', 'AGC6500', true),
    ('CCA000998', 'Deputy Sheriff State Pension', 'SRV0882', 'AGC6500', true),
    ('CCA000999', 'Deputy Sheriff Enforcement Shared Assets', 'SRV0882', 'AGC6500', true),
    ('CCA001000', 'Service of Protective and Peace Orders State Pension', 'SRV0883', 'AGC6500', true),
    ('CCA001001', 'Sheriff Domestic Violence Unit', 'SRV0883', 'AGC6500', true),
    ('CCA001002', 'Sheriff District Court Division', 'SRV0884', 'AGC6500', true),
    ('CCA001003', 'Sheriff District Court Sheriff Services State Pension', 'SRV0884', 'AGC6500', true),
    ('CCA001004', 'Sheriff Non-Support Division', 'SRV0889', 'AGC6500', true),
    ('CCA001005', 'Sheriff Child Support Enforcement State Pension', 'SRV0889', 'AGC6500', true),
    ('CCA001006', 'State''s Attorney Charging', 'SRV0115', 'AGC6900', true),
    ('CCA001007', 'State''s Attorney Circuit Court', 'SRV0115', 'AGC6900', true),
    ('CCA001008', 'State''s Attorney District Court', 'SRV0115', 'AGC6900', true),
    ('CCA001009', 'State''s Attorney Juvenile Services', 'SRV0115', 'AGC6900', true),
    ('CCA001010', 'State''s Attorney Special Victims Unit', 'SRV0115', 'AGC6900', true),
    ('CCA001011', 'State''s Attorney Aim to B''More', 'SRV0115', 'AGC6900', true),
    ('CCA001012', 'State''s Attorney Expungement Unit', 'SRV0115', 'AGC6900', true),
    ('CCA001013', 'State''s Attorney Targeting Initiative HIDTA', 'SRV0115', 'AGC6900', true),
    ('CCA001014', 'Prosecution of Criminals Unallocated Appropriation', 'SRV0115', 'AGC6900', true),
    ('CCA001015', 'State''s Attorney Asset Forfeiture', 'SRV0115', 'AGC6900', true),
    ('CCA001016', 'State''s Attorney Direction and Control', 'SRV0781', 'AGC6900', true),
    ('CCA001017', 'State''s Attorney Management Information Services', 'SRV0781', 'AGC6900', true),
    ('CCA001018', 'State''s Attorney Body Camera Review', 'SRV0781', 'AGC6900', true),
    ('CCA001019', 'State''s Attorney Administration Unallocated Appropriation', 'SRV0781', 'AGC6900', true),
    ('CCA001020', 'State''s Attorney Victim and Witness Services', 'SRV0786', 'AGC6900', true),
    ('CCA001021', 'Street Lighting Administration', 'SRV0500', 'AGC7000', true),
    ('CCA001022', 'Street Lighting Engineering', 'SRV0500', 'AGC7000', true),
    ('CCA001023', 'Street Lighting Operations', 'SRV0500', 'AGC7000', true),
    ('CCA001024', 'Street Lighting Maintenance and Repair', 'SRV0500', 'AGC7000', true),
    ('CCA001025', 'Street Lighting Cost Transfers', 'SRV0500', 'AGC7000', true),
    ('CCA001026', 'Conduits Administration', 'SRV0548', 'AGC7000', true),
    ('CCA001027', 'Conduits Engineering Plans and Records', 'SRV0548', 'AGC7000', true),
    ('CCA001028', 'Conduits Construction and Maintenance', 'SRV0548', 'AGC7000', true),
    ('CCA001029', 'Conduits Inspection and Testing', 'SRV0548', 'AGC7000', true),
    ('CCA001030', 'Conduits Cost Transfers', 'SRV0548', 'AGC7000', true),
    ('CCA001031', 'Transportation Director''s Office (DOT)', 'SRV0681', 'AGC7000', true),
    ('CCA001032', 'Transportation Human Resources (DOT)', 'SRV0681', 'AGC7000', true),
    ('CCA001033', 'Transportation Communications (DOT)', 'SRV0681', 'AGC7000', true),
    ('CCA001034', 'Transportation Fiscal Services (DOT)', 'SRV0681', 'AGC7000', true),
    ('CCA001035', 'Transportation Planning (DOT)', 'SRV0681', 'AGC7000', true),
    ('CCA001036', 'Transportation Contract Administration (DOT)', 'SRV0681', 'AGC7000', true),
    ('CCA001037', 'Transportation Administration Cost Transfers (DOT)', 'SRV0681', 'AGC7000', true),
    ('CCA001038', 'Transportation Urban Youth Corps Program (DOT)', 'SRV0681', 'AGC7000', true),
    ('CCA001039', 'Transportation Information Technology (DOT)', 'SRV0681', 'AGC7000', true),
    ('CCA001040', 'Parking Enterprise Debt Service', 'SRV0682', 'AGC7000', true),
    ('CCA001041', 'Parking Meter Installation and Maintenance', 'SRV0682', 'AGC7000', true),
    ('CCA001042', 'Market Center Garage', 'SRV0682', 'AGC7000', true),
    ('CCA001043', 'Arena Garage', 'SRV0682', 'AGC7000', true),
    ('CCA001044', 'Water Street Garage', 'SRV0682', 'AGC7000', true),
    ('CCA001045', 'Franklin Street Garage', 'SRV0682', 'AGC7000', true),
    ('CCA001046', 'Lexington Street Garage', 'SRV0682', 'AGC7000', true),
    ('CCA001047', 'Penn Station Garage', 'SRV0682', 'AGC7000', true),
    ('CCA001048', 'Baltimore Street Garage', 'SRV0682', 'AGC7000', true),
    ('CCA001049', 'Guilford Ave Garage', 'SRV0682', 'AGC7000', true),
    ('CCA001050', 'Little Italy Garage', 'SRV0682', 'AGC7000', true),
    ('CCA001051', 'Saint Paul Garage', 'SRV0682', 'AGC7000', true),
    ('CCA001052', 'Caroline Street Garage', 'SRV0682', 'AGC7000', true),
    ('CCA001053', 'Fleet and Eden Garage', 'SRV0682', 'AGC7000', true),
    ('CCA001054', 'Capital Fund Reserve', 'SRV0682', 'AGC7000', true),
    ('CCA001055', 'Jones Falls A Lot', 'SRV0682', 'AGC7000', true),
    ('CCA001056', 'Fayette Street Garage', 'SRV0682', 'AGC7000', true),
    ('CCA001057', 'Parking Authority', 'SRV0682', 'AGC7000', true),
    ('CCA001058', 'Valet Parking Program', 'SRV0682', 'AGC7000', true),
    ('CCA001059', 'Frederick Lot', 'SRV0682', 'AGC7000', true),
    ('CCA001060', 'Columbus Lot', 'SRV0682', 'AGC7000', true),
    ('CCA001061', 'Marina Garage', 'SRV0682', 'AGC7000', true),
    ('CCA001062', 'West Street Garage', 'SRV0682', 'AGC7000', true),
    ('CCA001063', 'Jones Falls A and B Lots', 'SRV0682', 'AGC7000', true),
    ('CCA001064', 'Metered Parking Lots', 'SRV0682', 'AGC7000', true),
    ('CCA001065', 'Wall Street Parking Project', 'SRV0682', 'AGC7000', true),
    ('CCA001066', 'Clayworks Parking', 'SRV0682', 'AGC7000', true),
    ('CCA001067', 'East Market Parking', 'SRV0682', 'AGC7000', true),
    ('CCA001068', 'Waverly Parking', 'SRV0682', 'AGC7000', true),
    ('CCA001069', 'Saratoga and Green Parking', 'SRV0682', 'AGC7000', true),
    ('CCA001070', 'Fleet Street Parking', 'SRV0682', 'AGC7000', true),
    ('CCA001071', 'Highway Maintenance Administration', 'SRV0683', 'AGC7000', true),
    ('CCA001072', 'Street Management Project Development and Engineering', 'SRV0683', 'AGC7000', true),
    ('CCA001073', 'Alleys and Footways Compliance Inspection (DOT)', 'SRV0683', 'AGC7000', true),
    ('CCA001074', 'Streets Rehabilitation, Maintenance, and Repairs', 'SRV0683', 'AGC7000', true),
    ('CCA001075', 'Streets Construction Contract Inspection and Testing', 'SRV0683', 'AGC7000', true),
    ('CCA001076', 'Highway Engineering', 'SRV0683', 'AGC7000', true),
    ('CCA001077', 'Alleys and Footways Construction Supervision', 'SRV0683', 'AGC7000', true),
    ('CCA001078', 'Street Management Facility Support', 'SRV0683', 'AGC7000', true),
    ('CCA001079', 'Street Management Night Services', 'SRV0683', 'AGC7000', true),
    ('CCA001080', 'Street Management In-House Milling', 'SRV0683', 'AGC7000', true),
    ('CCA001081', 'Street Management In-House Paving', 'SRV0683', 'AGC7000', true),
    ('CCA001082', 'Street Management Cost Transfers', 'SRV0683', 'AGC7000', true),
    ('CCA001083', 'Traffic Signal Engineering', 'SRV0684', 'AGC7000', true),
    ('CCA001084', 'Traffic Electronic Maintenance', 'SRV0684', 'AGC7000', true),
    ('CCA001085', 'Traffic Management and Engineering', 'SRV0684', 'AGC7000', true),
    ('CCA001086', 'Traffic Impact Studies', 'SRV0684', 'AGC7000', true),
    ('CCA001087', 'Traffic Construction and Management of Signals', 'SRV0684', 'AGC7000', true),
    ('CCA001088', 'Traffic Management Street Markings', 'SRV0684', 'AGC7000', true),
    ('CCA001089', 'Traffic Management Center', 'SRV0684', 'AGC7000', true),
    ('CCA001090', 'DOT Special Events Permitting', 'SRV0685', 'AGC7000', true),
    ('CCA001091', 'DOT Special Event Support', 'SRV0685', 'AGC7000', true),
    ('CCA001092', 'DOT Inner Harbor', 'SRV0687', 'AGC7000', true),
    ('CCA001093', 'Snow Removal', 'SRV0688', 'AGC7000', true),
    ('CCA001094', 'Snow Preparation', 'SRV0688', 'AGC7000', true),
    ('CCA001095', 'DOT Impounding and Disposal Coordination', 'SRV0689', 'AGC7000', true),
    ('CCA001096', 'DOT Vehicle Transporting', 'SRV0689', 'AGC7000', true),
    ('CCA001097', 'DOT Storage of Impounded Vehicles', 'SRV0689', 'AGC7000', true),
    ('CCA001098', 'Circulator Bus', 'SRV0690', 'AGC7000', true),
    ('CCA001099', 'Ride Sharing', 'SRV0690', 'AGC7000', true),
    ('CCA001100', 'Transportation Unified Planning Work Program (UPWP)', 'SRV0690', 'AGC7000', true),
    ('CCA001101', 'Sustainable Transportation Administration', 'SRV0690', 'AGC7000', true),
    ('CCA001102', 'BikeShare and Dockless Vehicles', 'SRV0690', 'AGC7000', true),
    ('CCA001103', 'Harbor Connector', 'SRV0690', 'AGC7000', true),
    ('CCA001104', 'Bike Lane Maintenance', 'SRV0690', 'AGC7000', true),
    ('CCA001105', 'Sustainable Transportation Unallocated Appropriation', 'SRV0690', 'AGC7000', true),
    ('CCA001106', 'DOT Landscape Maintenace', 'SRV0691', 'AGC7000', true),
    ('CCA001107', 'Bridge Maintenance', 'SRV0692', 'AGC7000', true),
    ('CCA001108', 'Bridge Engineering', 'SRV0692', 'AGC7000', true),
    ('CCA001109', 'Parking Enforcement Administration', 'SRV0693', 'AGC7000', true),
    ('CCA001110', 'Casino Support Traffic Enforcement', 'SRV0693', 'AGC7000', true),
    ('CCA001111', 'Transportation Parking Enforcement', 'SRV0693', 'AGC7000', true),
    ('CCA001112', 'Parking Immobilization Impoundment', 'SRV0693', 'AGC7000', true),
    ('CCA001113', 'Parking Enforcement Information Technology', 'SRV0693', 'AGC7000', true),
    ('CCA001114', 'DOT Surveys', 'SRV0694', 'AGC7000', true),
    ('CCA001115', 'Dock Master Services', 'SRV0695', 'AGC7000', true),
    ('CCA001116', 'Street Cut Management', 'SRV0696', 'AGC7000', true),
    ('CCA001117', 'Pedestrian Safety', 'SRV0697', 'AGC7000', true),
    ('CCA001118', 'Traffic Cameras', 'SRV0697', 'AGC7000', true),
    ('CCA001119', 'Traffic Control Traffic Safety Grant Management', 'SRV0697', 'AGC7000', true),
    ('CCA001120', 'Traffic Safety Traffic Engineering', 'SRV0697', 'AGC7000', true),
    ('CCA001121', 'School Crossing Guards Administration', 'SRV0697', 'AGC7000', true),
    ('CCA001122', 'School Crossing Guards Operations', 'SRV0697', 'AGC7000', true),
    ('CCA001123', 'Traffic Sign Fabrication', 'SRV0697', 'AGC7000', true),
    ('CCA001124', 'Traffic Safety Street Markings', 'SRV0697', 'AGC7000', true),
    ('CCA001125', 'Traffic Safety Cost Transfers', 'SRV0697', 'AGC7000', true),
    ('CCA001126', 'DOT Real Property Database Management', 'SRV0727', 'AGC7000', true),
    ('CCA001127', 'DOT Permits and Services Inspection', 'SRV0727', 'AGC7000', true),
    ('CCA001133', 'Library Passport Services', 'SRV0788', 'AGC3900', true),
    ('CCA001136', 'Circuit Court Child Support Enforcement', 'SRV0110', 'AGC1311', true),
    ('CCA001137', 'Economic Recovery Unallocated Appropriation', 'SRV0111', 'AGC4392', true),
    ('CCA001138', 'Baltimore Community Intelligence Centers (SAO)', 'SRV0115', 'AGC6900', true),
    ('CCA001139', 'Severance (MGE)', 'SRV0122', 'AGC4311', true),
    ('CCA001140', 'Buildings (MGE)', 'SRV0122', 'AGC4311', true),
    ('CCA001141', 'FICA (MGE)', 'SRV0122', 'AGC4311', true),
    ('CCA001142', 'Baltimore City Public Schools Built to Learn Act', 'SRV0718', 'AGC2700', true),
    ('CCA001143', 'Coronavirus (BCHD)', 'SRV0315', 'AGC2700', true),
    ('CCA001144', 'Homeless Services Administration Unallocated Appropriation', 'SRV0356', 'AGC4381', true),
    ('CCA001145', 'Convention Center Hotel Operations', 'SRV0535', 'AGC4364', true),
    ('CCA001146', 'Community Development Block Grants (CDBG)', 'SRV0593', 'AGC3100', true),
    ('CCA001147', 'Fire Administration Unallocated Appropriation', 'SRV0600', 'AGC2500', true),
    ('CCA001148', 'Emergency Medical Services Unallocated Appropriation', 'SRV0609', 'AGC2500', true),
    ('CCA001149', 'Fire Code Enforcement Unallocated Appropriation', 'SRV0611', 'AGC2500', true),
    ('CCA001150', 'Drug Trafficking HIDTA (MONSE)', 'SRV0618', 'AGC4346', true),
    ('CCA001150a', 'zzDNU_Drug Trafficking HIDTA (MOCJ)', NULL, NULL, false),
    ('CCA001151', 'Departmental Administration (BPD)', 'SRV0621', 'AGC5900', true),
    ('CCA001152', 'Administrative Duties Division (BPD)', 'SRV0621', 'AGC5900', true),
    ('CCA001153', 'DNU_Building Security (BPD)', 'SRV0621', 'AGC5900', true),
    ('CCA001154', 'Executive Protection (BPD)', 'SRV0621', 'AGC5900', true),
    ('CCA001155', 'DNU_District Investigations (BPD)', 'SRV0622', 'AGC5900', true),
    ('CCA001156', 'DNU_Community Intelligence Centers (BPD)', 'SRV0622', 'AGC5900', true),
    ('CCA001157', 'Anti-Crime Section (BPD)', 'SRV0623', 'AGC5900', true),
    ('CCA001158', 'Watch Center (BPD)', 'SRV0626', 'AGC5900', true),
    ('CCA001159', 'Special Investigation Response Team (BPD)', 'SRV0628', 'AGC5900', true),
    ('CCA001160', 'Ethics (BPD)', 'SRV0628', 'AGC5900', true),
    ('CCA001161', 'New Recruits (BPD)', 'SRV0635', 'AGC5900', true),
    ('CCA001162', 'Crime Scene (BPD)', 'SRV0642', 'AGC5900', true),
    ('CCA001163', 'Turf Management', 'SRV0646', 'AGC6300', true),
    ('CCA001164', 'Park Maintenance Unallocated Appropriation', 'SRV0646', 'AGC6300', true),
    ('CCA001165', 'Community Recreation Centers Unallocated Appropriation', 'SRV0648', 'AGC6300', true),
    ('CCA001166', 'Wastewater Management Unallocated Appropriation', 'SRV0673', 'AGC6100', true),
    ('CCA001167', 'Surface Water Management Unallocated Appropriation', 'SRV0674', 'AGC6100', true),
    ('CCA001168', 'Water Analyzer Office', 'SRV0675', 'AGC6100', true),
    ('CCA001169', 'Health Administration Transfers', 'SRV0715', 'AGC2700', true),
    ('CCA001170', 'Health Administration Unallocated Appropriation', 'SRV0715', 'AGC2700', true),
    ('CCA001171', 'Data Management and Process Improvement (DGS)', 'SRV0726', 'AGC2600', true),
    ('CCA001172', 'Portfolio and Property Management (DGS)', 'SRV0731', 'AGC2600', true),
    ('CCA001173', 'Performance and Analytics (HR)', 'SRV0737', 'AGC3100', true),
    ('CCA001174', 'HCD Administration Unallocated Appropriation', 'SRV0737', 'AGC3100', true),
    ('CCA001175', 'BH2O Utility Support (MOCFS)', 'SRV0741', 'AGC4309', true),
    ('CCA001176', 'Property Project Development (HCD)', 'SRV0749', 'AGC3100', true),
    ('CCA001177', 'Housing Rehabilitation Services Unallocated Appropriation', 'SRV0750', 'AGC3100', true),
    ('CCA001178', 'Casino Support Maintenance Reserve', 'SRV0757', 'AGC4303', true),
    ('CCA001179', 'Pimlico Impact Aid Crime Cameras', 'SRV0757', 'AGC4303', true),
    ('CCA001180', 'Domestic Violence (MONSE)', 'SRV0758', 'AGC4346', true),
    ('CCA001181', 'Development Oversight and Project Support Unallocated Appropriation', 'SRV0761', 'AGC5700', true),
    ('CCA001182', 'Historic Preservation Unallocated Appropriation', 'SRV0762', 'AGC5700', true),
    ('CCA001183', 'Casino Support Planning Studies', 'SRV0763', 'AGC5700', true),
    ('CCA001184', 'Comprehensive Planning and Resource Management Unallocated Appropriation', 'SRV0763', 'AGC5700', true),
    ('CCA001185', 'Planning for a Sustainable Baltimore Unallocated Appropriation', 'SRV0765', 'AGC5700', true),
    ('CCA001186', 'Benefits Administration Transfers', 'SRV0771', 'AGC3300', true),
    ('CCA001187', 'Public Safety Testing (HR)', 'SRV0772', 'AGC3300', true),
    ('CCA001188', 'Workforce Public Assistance', 'SRV0792', 'AGC4500', true),
    ('CCA001189', 'Digital Learning Labs (MOED)', 'SRV0793', 'AGC4500', true),
    ('CCA001190', 'East Side Career Center Overhead', 'SRV0793', 'AGC4500', true),
    ('CCA001191', 'Workforce Navigation Project', 'SRV0793', 'AGC4500', true),
    ('CCA001192', 'MOED Administrative Cost Reimbursement', 'SRV0794', 'AGC4500', true),
    ('CCA001193', 'MOED Human Resources', 'SRV0794', 'AGC4500', true),
    ('CCA001194', 'MOED Fiscal Management', 'SRV0794', 'AGC4500', true),
    ('CCA001195', 'MOED Facilities Administration', 'SRV0794', 'AGC4500', true),
    ('CCA001196', 'MOED Comptroller''s Office', 'SRV0794', 'AGC4500', true),
    ('CCA001197', 'MOED Administration Unallocated Appropriation', 'SRV0794', 'AGC4500', true),
    ('CCA001198', 'Workforce Services Information Technology Program Support', 'SRV0795', 'AGC4500', true),
    ('CCA001199', 'Workforce Services Planning and Performance Unit', 'SRV0795', 'AGC4500', true),
    ('CCA001200', 'Workforce Services Facilities Program Support', 'SRV0795', 'AGC4500', true),
    ('CCA001201', 'Workforce Services Public Information Office', 'SRV0795', 'AGC4500', true),
    ('CCA001202', 'Workforce Services Assistant Director''s Office', 'SRV0795', 'AGC4500', true),
    ('CCA001203', 'Workforce Services Central Contracting', 'SRV0795', 'AGC4500', true),
    ('CCA001204', 'Workforce Services Madison Avenue Warehouse', 'SRV0795', 'AGC4500', true),
    ('CCA001205', 'Workforce Services Job Training', 'SRV0795', 'AGC4500', true),
    ('CCA001206', 'Workforce Services Career Center Operations', 'SRV0795', 'AGC4500', true),
    ('CCA001207', 'East Side Career Center', 'SRV0795', 'AGC4500', true),
    ('CCA001208', 'Northwest Career Center', 'SRV0795', 'AGC4500', true),
    ('CCA001209', 'Workforce Business Services', 'SRV0795', 'AGC4500', true),
    ('CCA001210', 'Workforce Services Program Cost Reimbursement', 'SRV0795', 'AGC4500', true),
    ('CCA001211', 'Northwest Career Center Re-Entry Services', 'SRV0796', 'AGC4500', true),
    ('CCA001212', 'Youth Program Management (MOED)', 'SRV0797', 'AGC4500', true),
    ('CCA001213', 'YO Community Center East', 'SRV0797', 'AGC4500', true),
    ('CCA001214', 'YO Community Center West', 'SRV0797', 'AGC4500', true),
    ('CCA001216', 'YouthWorks Pre-Summer Operations Staff', 'SRV0798', 'AGC4500', true),
    ('CCA001217', 'Youth Workforce Services', 'SRV0800', 'AGC4500', true),
    ('CCA001218', 'Skills Training Programs (MOED)', 'SRV0800', 'AGC4500', true),
    ('CCA001219', 'Baltimore City Career Academy', 'SRV0800', 'AGC4500', true),
    ('CCA001220', 'Education and Training Section (BPD)', 'SRV0807', 'AGC5900', true),
    ('CCA001221', 'Planning and Research (BPD)', 'SRV0807', 'AGC5900', true),
    ('CCA001222', 'Information Technology Division (BPD)', 'SRV0807', 'AGC5900', true),
    ('CCA001223', 'Performance Standards Division (BPD)', 'SRV0807', 'AGC5900', true),
    ('CCA001224', 'Body Cameras (BPD)', 'SRV0807', 'AGC5900', true),
    ('CCA001225', 'Consent Decree Division (BPD)', 'SRV0807', 'AGC5900', true),
    ('CCA001226', 'Special Weapons and Tactics (SWAT) (BPD)', 'SRV0816', 'AGC5900', true),
    ('CCA001227', 'DNU_Emergency Service Bomb Unit (BPD)', 'SRV0816', 'AGC5900', true),
    ('CCA001228', 'Aviation (BPD)', 'SRV0816', 'AGC5900', true),
    ('CCA001229', 'DNU_Secondary Employment Special Events (BPD)', 'SRV0816', 'AGC5900', true),
    ('CCA001230', 'Pimlico Impact Aid Public Art', 'SRV0824', 'AGC4356', true),
    ('CCA001231', 'Innovation Fund Projects', 'SRV0833', 'AGC4307', true),
    ('CCA001232', 'Innovation Fund Camp Small Expansion', 'SRV0833', 'AGC4307', true),
    ('CCA001233', 'Innovation Fund Conway Street Signage', 'SRV0833', 'AGC4307', true),
    ('CCA001234', 'Discrimination Investigations, Resolutions, and Concilations Unallocated Appropriation', 'SRV0846', 'AGC5500', true),
    ('CCA001235', 'DNU_Community and Youth Services (BPD)', 'SRV0853', 'AGC5900', true),
    ('CCA001236', 'DNU_Police Dispatch (BPD)', 'SRV0853', 'AGC5900', true),
    ('CCA001237', 'DNU_Communications Operations (BPD)', 'SRV0853', 'AGC5900', true),
    ('CCA001238', 'Central and Juvenile Booking (BPD)', 'SRV0853', 'AGC5900', true),
    ('CCA001239', 'DNU_Patrol Support Unallocated Appropriation (BPD)', 'SRV0853', 'AGC5900', true),
    ('CCA001240', 'Deputy Sheriff Enforcement Unallocated Appropriation', 'SRV0882', 'AGC6500', true),
    ('CCA001241', 'Child Support Enforcement Unallocated Appropriation', 'SRV0889', 'AGC6500', true),
    ('CCA001242', 'Power Inside Help on the Streets', 'SRV0893', 'AGC4381', true),
    ('CCA001243', 'Carrington House', 'SRV0895', 'AGC4381', true),
    ('CCA001244', 'Historic East Baltimore Community Action Coalition', 'SRV0895', 'AGC4381', true),
    ('CCA001245', 'Resident Advocate Program', 'SRV0895', 'AGC4381', true),
    ('CCA001246', 'Temporary Housing for the Homeless Unallocated Appropriation', 'SRV0895', 'AGC4381', true),
    ('CCA001247', 'Justice Housing', 'SRV0896', 'AGC4381', true),
    ('CCA001248', 'Assistance in Community Integration Services Pilot', 'SRV0896', 'AGC4381', true),
    ('CCA001249', 'Water Charges (MGE)', 'SRV0122', 'AGC4311', true),
    ('CCA001250', 'BCIT HCD Network Transition Support (MGE)', 'SRV0122', 'AGC4311', true),
    ('CCA001251', 'BDC Coronavirus Grants (MGE)', 'SRV0122', 'AGC4311', true),
    ('CCA001252', 'Baltimore Health Corps Contact Tracing', 'SRV0315', 'AGC2700', true),
    ('CCA001253', 'Casino Support Educational Partnerships', 'SRV0356', 'AGC4381', true),
    ('CCA001254', 'Temporary Rent Support', 'SRV0593', 'AGC3100', true),
    ('CCA001255', 'Bocek Recreation Center', 'SRV0648', 'AGC6300', true),
    ('CCA001256', 'Frederick Recreation Center', 'SRV0648', 'AGC6300', true),
    ('CCA001257', 'Dorothy I Height Recreation Center', 'SRV0648', 'AGC6300', true),
    ('CCA001258', 'DPW Utility Billing Customer Advocacy', 'SRV0672', 'AGC6100', true),
    ('CCA001259', 'Property Management Grants Management (HCD)', 'SRV0749', 'AGC3100', true),
    ('CCA001260', 'zzDNU_Business Services Overhead (MOED)', 'SRV0793', 'AGC4500', false),
    ('CCA001261', 'Summer Youth Participants (YouthWorks)', 'SRV0798', 'AGC4500', true),
    ('CCA001262', 'Building Rental (MOED)', 'SRV0798', 'AGC4500', true),
    ('CCA001263', 'District Action Teams (BPD)', 'SRV0622', 'AGC5900', true),
    ('CCA001264', 'Capital Reserve Contribution (MGE)', 'SRV0122', 'AGC4311', true),
    ('CCA001265', 'Innovation Fund Clinical Billing', 'SRV0833', 'AGC4307', true),
    ('CCA001266', 'Temporary Legal Support', 'SRV0593', 'AGC3100', true),
    ('CCA001267', 'Liberty Rec and Tech Center', 'SRV0648', 'AGC6300', true),
    ('CCA001268', 'Water Utility Markings', 'SRV0675', 'AGC6100', true),
    ('CCA001269', 'Payroll Overdraft Fee Reimbursement (MGE)', 'SRV0122', 'AGC4311', true),
    ('CCA001270', 'Housing and Homeownership Preservation Division', 'SRV0738', 'AGC3100', true),
    ('CCA001271', 'Temporary Summer Food Support', 'SRV0754', 'AGC3100', true),
    ('CCA001272', 'Deputy Mayor of Public Safety', 'SRV0125', 'AGC4301', true),
    ('CCA001273', 'Equity, Youth, and Human Services (Mayoralty)', 'SRV0125', 'AGC4301', true),
    ('CCA001274', 'Nursing Facility Program Education (NFPE)', NULL, NULL, true),
    ('CCA001275', 'BCIT Chatbots Rapid Self-Service', 'SRV0833', 'AGC4307', true),
    ('CCA001276', 'City Administrator', 'SRV0125', 'AGC4301', true),
    ('CCA001277', 'Towanda Recreation Center', 'SRV0648', 'AGC6300', true),
    ('CCA001278', 'Crispus Attucks Recreation Center', 'SRV0648', 'AGC6300', true),
    ('CCA001279', 'Harlem Park Recreation Center', 'SRV0648', 'AGC6300', true),
    ('CCA001280', 'Hilton Recreation Center', 'SRV0648', 'AGC6300', true),
    ('CCA001281', 'Brooklyn O''Malley Recreation Center', 'SRV0648', 'AGC6300', true),
    ('CCA001282', 'Kenneth N Harris Sr Community Center', 'SRV0648', 'AGC6300', true),
    ('CCA001283', 'Furley Recreation Center', 'SRV0648', 'AGC6300', true),
    ('CCA001284', 'Easterwood Recreation Center', 'SRV0648', 'AGC6300', true),
    ('CCA001285', 'O''Donnell Heights Recreation Center', 'SRV0648', 'AGC6300', true),
    ('CCA001286', 'Ralph J Young Recreation Center', 'SRV0648', 'AGC6300', true),
    ('CCA001287', 'Outdoor Recreation Programs', 'SRV0653', 'AGC6300', true),
    ('CCA001288', 'Upton Boxing Center', 'SRV0647', 'AGC6300', true),
    ('CCA001289', 'Trust and Agency Funds', 'SRV0150', 'AGC2300', true),
    ('CCA001290', 'Economic Recovery Project Administration', 'SRV0111', 'AGC4392', true),
    ('CCA001291', 'Tax Sale Exemption (Finance)', 'SRV0148', 'AGC2300', true),
    ('CCA001292', 'COVID Support Solid Waste', 'SRV0663', 'AGC6100', true),
    ('CCA001293', 'Career Mentorship Program (DPW)', 'SRV0670', 'AGC6100', true),
    ('CCA001294', 'Modified Consent Decree (DPW)', 'SRV0670', 'AGC6100', true),
    ('CCA001295', 'Equity and Environmental Justice (DPW)', 'SRV0670', 'AGC6100', true),
    ('CCA001296', 'Environmental Regulatory Compliance (DPW)', 'SRV0670', 'AGC6100', true),
    ('CCA001297', 'Emergency Response and Preparedness (DPW)', 'SRV0670', 'AGC6100', true),
    ('CCA001298', 'Water For All Consumer Payments', 'SRV0672', 'AGC6100', true),
    ('CCA001299', 'Casino Support Complete Streets', 'SRV0690', 'AGC7000', true),
    ('CCA001300', 'Health Promotions', 'SRV0721', 'AGC2700', true),
    ('CCA001301', 'COVID Support Public Spaces Cleaning', 'SRV0731', 'AGC2600', true),
    ('CCA001302', 'Casino Support Homeownership Incentives', 'SRV0742', 'AGC3100', true),
    ('CCA001303', 'Tax Sale Prevention (DHCD)', 'SRV0742', 'AGC3100', true),
    ('CCA001304', 'Unemployment Insurance', 'SRV0771', 'AGC3300', true),
    ('CCA001305', 'COVID Support Library Cleaning', 'SRV0788', 'AGC3900', true),
    ('CCA001306', 'Resources Development', 'SRV0795', 'AGC4500', true),
    ('CCA001307', 'Website (BCIT)', 'SRV0803', 'AGC4303', true),
    ('CCA001308', 'Casino Support Fiberoptic Infrastructure', 'SRV0805', 'AGC4303', true),
    ('CCA001309', 'CitiWatch (BCIT)', 'SRV0805', 'AGC4303', true),
    ('CCA001310', 'COVID Support Software', 'SRV0805', 'AGC4303', true),
    ('CCA001311', 'Environmental Law', 'SRV0861', 'AGC3500', true),
    ('CCA001312', 'State Issued Debt (City Schools)', 'SRV0123', 'AGC4312', true),
    ('CCA001313', 'LGBTQ Affairs', 'SRV0125', 'AGC4301', true),
    ('CCA001314', 'Economic Recovery Project Evaluation', 'SRV0111', 'AGC4392', true),
    ('CCA001315', 'Group Violence Reduction Strategy (GVRS)', 'SRV0618', 'AGC4346', true),
    ('CCA001316', 'Reentry Services (MONSE)', 'SRV0618', 'AGC4346', true),
    ('CCA001317', 'Youth and Trauma (MONSE)', 'SRV0618', 'AGC4346', true),
    ('CCA001318', 'Advance Peace', 'SRV0618', 'AGC4346', true),
    ('CCA001319', 'Community Violence Intervention (CVI)', 'SRV0618', 'AGC4346', true),
    ('CCA001320', 'Victim Services (MONSE)', 'SRV0617', 'AGC4346', true),
    ('CCA001321', 'COVID Testing (MGE)', 'SRV0122', 'AGC4311', true),
    ('CCA001322', 'Baltimore Civic Fund (BCF) COVID Grants (MGE)', 'SRV0122', 'AGC4311', true),
    ('CCA001323', 'Municipal Broadband Administration', 'SRV0168', 'AGC4303', true),
    ('CCA001324', 'Broadband Access', 'SRV0168', 'AGC4303', true),
    ('CCA001325', 'Playground Maintenance', 'SRV0646', 'AGC6300', true),
    ('CCA001326', 'Emergency Mortgage Housing Assistance Program (EMHAP)', 'SRV0593', 'AGC3100', true),
    ('CCA001327', 'Eviction Prevention Program (EPP) COVID', 'SRV0593', 'AGC3100', true),
    ('CCA001328', 'Housing Case Management COVID', 'SRV0593', 'AGC3100', true),
    ('CCA001329', 'ARPA Project Awards', 'SRV0111', 'AGC4392', true),
    ('CCA001330', 'Economic Development (MGE)', 'SRV0122', 'AGC4311', true),
    ('CCA001331', 'Infrastructure Office (Mayoralty)', 'SRV0125', 'AGC4301', true),
    ('CCA001332', 'City Schools One-Time Adjustments', 'SRV0352', 'AGC4371', true),
    ('CCA001333', 'Community Healing', 'SRV0619', 'AGC4346', true),
    ('CCA001334', 'Equal Opportunity and Diversity Section (BPD)', 'SRV0628', 'AGC5900', true),
    ('CCA001335', 'Waste Re-Use and Disposal Unallocated Appropriation', 'SRV0664', 'AGC6100', true),
    ('CCA001336', 'Public Works Fleet and Facilities Management (DPW)', 'SRV0676', 'AGC6100', true),
    ('CCA001337', 'Virtual Parking Enforcement', 'SRV0693', 'AGC7000', true),
    ('CCA001338', 'Emergency Services (HCD)', 'SRV0752', 'AGC3100', true),
    ('CCA001339', 'Human Services (HCD)', 'SRV0752', 'AGC3100', true),
    ('CCA001340', 'Financial Counseling (MOED)', 'SRV0793', 'AGC4500', true),
    ('CCA001341', 'Information Technology Management (MOED)', 'SRV0794', 'AGC4500', true),
    ('CCA001342', 'Workforce Services Strategic Operations', 'SRV0795', 'AGC4500', true),
    ('CCA001343', 'Gunshot Detection (BPD)', 'SRV0807', 'AGC5900', true),
    ('CCA001344', 'Equity (Civil Rights)', 'SRV0846', 'AGC5500', true),
    ('CCA001345', 'Fair Election Fund', 'SRV0899', 'AGC1900', true),
    ('CCA001346', 'School-Based Health Centers', 'SRV0310', 'AGC2700', true),
    ('CCA001347', 'Convention Center Hotel', 'SRV0124', 'AGC4315', true),
    ('CCA001348', 'Port Covington', 'SRV0124', 'AGC4315', true),
    ('CCA001349', 'ARPA Broadband Access', 'SRV0111', 'AGC4392', true),
    ('CCA001350', 'ARPA Cash and In-Kind Assistance', 'SRV0111', 'AGC4392', true),
    ('CCA001351', 'ARPA Child Care Providers', 'SRV0111', 'AGC4392', true),
    ('CCA001352', 'ARPA Clean and Green', 'SRV0111', 'AGC4392', true),
    ('CCA001353', 'ARPA Communications', 'SRV0111', 'AGC4392', true),
    ('CCA001354', 'ARPA Community Engagement', 'SRV0111', 'AGC4392', true),
    ('CCA001355', 'ARPA COVID Contact Tracing', 'SRV0111', 'AGC4392', true),
    ('CCA001356', 'ARPA New Affordable Housing', 'SRV0111', 'AGC4392', true),
    ('CCA001357', 'ARPA Digital Literacy', 'SRV0111', 'AGC4392', true),
    ('CCA001358', 'ARPA Food Insecurity', 'SRV0111', 'AGC4392', true),
    ('CCA001359', 'ARPA Group Violence Reduction', 'SRV0111', 'AGC4392', true),
    ('CCA001360', 'ARPA Hotel Relief', 'SRV0111', 'AGC4392', true),
    ('CCA001361', 'ARPA Homeless Housing Services', 'SRV0111', 'AGC4392', true),
    ('CCA001362', 'ARPA Miscellaneous', 'SRV0111', 'AGC4392', true),
    ('CCA001363', 'ARPA Community Safety and Response', 'SRV0111', 'AGC4392', true),
    ('CCA001364', 'ARPA Nonprofit Relief', 'SRV0111', 'AGC4392', true),
    ('CCA001365', 'ARPA Operational Support', 'SRV0111', 'AGC4392', true),
    ('CCA001366', 'ARPA Personal Protective Equipment (PPE) - Health', 'SRV0111', 'AGC4392', true),
    ('CCA001367', 'ARPA Public Service Delivery', 'SRV0111', 'AGC4392', true),
    ('CCA001368', 'ARPA Re-Entry Services', 'SRV0111', 'AGC4392', true),
    ('CCA001369', 'ARPA Small Business Relief', 'SRV0111', 'AGC4392', true),
    ('CCA001370', 'ARPA Subsidized Employment', 'SRV0111', 'AGC4392', true),
    ('CCA001371', 'ARPA Renter and Homeowner Support', 'SRV0111', 'AGC4392', true),
    ('CCA001372', 'ARPA Technical Assistance to Business', 'SRV0111', 'AGC4392', true),
    ('CCA001373', 'ARPA COVID Testing', 'SRV0111', 'AGC4392', true),
    ('CCA001374', 'ARPA COVID Vaccination', 'SRV0111', 'AGC4392', true),
    ('CCA001375', 'ARPA Victim Services', 'SRV0111', 'AGC4392', true),
    ('CCA001376', 'ARPA Vulnerable Communities', 'SRV0111', 'AGC4392', true),
    ('CCA001377', 'ARPA Workforce Supports', 'SRV0111', 'AGC4392', true),
    ('CCA001378', 'ARPA Workforce Training', 'SRV0111', 'AGC4392', true),
    ('CCA001379', 'ARPA Youth and Trauma', 'SRV0111', 'AGC4392', true),
    ('CCA001380', 'ARPA YouthWorks', 'SRV0111', 'AGC4392', true),
    ('CCA001381', 'ARPA Vehicle Purchases', 'SRV0111', 'AGC4392', true),
    ('CCA001382', 'ARPA Arts, Tourism, and Culture', 'SRV0111', 'AGC4392', true),
    ('CCA001383', 'ARPA Project Administration', 'SRV0111', 'AGC4392', true),
    ('CCA001384', 'Monkey Pox', 'SRV0315', 'AGC2700', true),
    ('CCA001385', 'Senior Care Program', 'SRV0724', 'AGC2700', true),
    ('CCA001386', 'Police Accountability Board', 'SRV0849', 'AGC5500', true),
    ('CCA001387', 'Youth Headquarters (MOED)', 'SRV0800', 'AGC4500', true),
    ('CCA001388', 'Office of Strategic Alliances', 'SRV0676', 'AGC6100', true),
    ('CCA001389', 'Public Network Expansion', 'SRV0168', 'AGC4303', true),
    ('CCA001390', 'Residential Recycling Collection Centers', 'SRV0663', 'AGC6100', true),
    ('CCA001391', 'Northwest Convenience Center', 'SRV0663', 'AGC6100', true),
    ('CCA001392', 'Eastern Convenience Center', 'SRV0663', 'AGC6100', true),
    ('CCA001393', 'Southwest Convenience Center', 'SRV0663', 'AGC6100', true),
    ('CCA001394', 'Public Works Grants Management (DPW)', 'SRV0676', 'AGC6100', true),
    ('CCA001395', 'Public Works Procurement (DPW)', 'SRV0676', 'AGC6100', true),
    ('CCA001396', 'Public Works Accounting (DPW)', 'SRV0676', 'AGC6100', true),
    ('CCA001397', 'Public Works Budget and Financial Planning (DPW)', 'SRV0676', 'AGC6100', true),
    ('CCA001398', 'CSSD Administration', 'SRV0672', 'AGC6100', true),
    ('CCA001399', 'Carroll Park Recreation Center', 'SRV0648', 'AGC6300', true),
    ('CCA001400', 'Youth Opportunity Interns (MOED)', 'SRV0797', 'AGC4500', true),
    ('CCA001401', 'WIOA Youth Interns (MOED)', 'SRV0800', 'AGC4500', true),
    ('CCA001402', 'Casino Support Benefit District Support', 'SRV0763', 'AGC5700', true),
    ('CCA001403', 'Office of Waste Diversion (DPW)', 'SRV0664', 'AGC6100', true),
    ('CCA001404', 'Cobra DHMO Dental Premium', 'SRV0771', 'AGC3300', true),
    ('CCA001405', 'Cobra DPPO Dental Premium', 'SRV0771', 'AGC3300', true),
    ('CCA001406', 'Hope Rent Support Progam', 'SRV0748', 'AGC3100', true),
    ('CCA001407', 'HUD 108 Loan Debt Service', 'SRV0593', 'AGC3100', true),
    ('CCA001408', 'Casino Support Community Enhancement Projects', 'SRV0763', 'AGC5700', true),
    ('CCA001409', 'Casino Support Community Development', 'SRV0742', 'AGC3100', true),
    ('CCA001410', 'General Fund Capital Contribution', 'SRV0122', 'AGC4311', true),
    ('CCA001411', 'Conduit Fund Capital Contribution', 'SRV0122', 'AGC4311', true),
    ('CCA001412', 'Baltimore Casino Fund Capital Contribution', 'SRV0122', 'AGC4311', true),
    ('CCA001413', 'Office of Aging', 'SRV0125', 'AGC4301', true),
    ('CCA001414', 'CFG Bank Arena Operations', 'SRV0540', 'AGC4361', true),
    ('CCA001415', 'Population Health', 'SRV0609', 'AGC2500', true),
    ('CCA001416', '911 Nurse Triage Program', 'SRV0609', 'AGC2500', true),
    ('CCA001417', 'Document Compliance Unit', 'SRV0621', 'AGC5900', true),
    ('CCA001418', 'Operational Intelligence Section', 'SRV0623', 'AGC5900', true),
    ('CCA001419', 'DNU_Gunshot Detection', 'SRV0626', 'AGC5900', true),
    ('CCA001420', 'Recycling Collection', 'SRV0663', 'AGC6100', true),
    ('CCA001421', 'Customer Advocacy', 'SRV0672', 'AGC6100', true),
    ('CCA001422', 'Utility Billing', 'SRV0730', 'AGC2600', true),
    ('CCA001423', 'CitiWatch Admin', 'SRV0757', 'AGC4303', true),
    ('CCA001424', 'Project Management Office', 'SRV0802', 'AGC4303', true),
    ('CCA001425', 'Change Management', 'SRV0802', 'AGC4303', true),
    ('CCA001426', 'Stock Inventory', 'SRV0805', 'AGC4303', true),
    ('CCA001427', 'End User Support Services', 'SRV0805', 'AGC4303', true),
    ('CCA001428', 'Service Desk Support', 'SRV0805', 'AGC4303', true),
    ('CCA001429', 'Central Record Keeping', 'SRV0807', 'AGC5900', true),
    ('CCA001430', 'Police Dispatch', 'SRV0807', 'AGC5900', true),
    ('CCA001431', 'Communication Operations', 'SRV0807', 'AGC5900', true),
    ('CCA001432', 'Gun Range', 'SRV0807', 'AGC5900', true),
    ('CCA001433', 'SMB Advocacy and Development', 'SRV0834', 'AGC4310', true),
    ('CCA001434', 'Secondary Employment-Special Events', 'SRV0853', 'AGC5900', true),
    ('CCA001435', 'DNU_Traffic Section', 'SRV0853', 'AGC5900', true),
    ('CCA001436', 'DNU_Traffic Safety', 'SRV0853', 'AGC5900', true),
    ('CCA001437', 'Broadband Implementation', 'SRV0873', 'AGC4303', true),
    ('CCA001438', 'Accounts Payable', 'SRV0902', 'AGC1200', true),
    ('CCA001439', 'Senior Education', 'SRV0725', 'AGC2700', true),
    ('CCA001440', 'Services to Inmates', 'SRV0788', 'AGC3900', true),
    ('CCA001441', 'DNU_Building Security', 'SRV0626', 'AGC5900', true),
    ('CCA001442', 'Administration', 'SRV0720', 'AGC2700', true),
    ('CCA001443', 'Administration', 'SRV0718', 'AGC2700', true),
    ('CCA001444', 'Transfer to Health Reserve', 'SRV0771', 'AGC3300', true),
    ('CCA001445', 'Equity Division', 'SRV0844', 'AGC5500', true),
    ('CCA001446', 'Civilian Oversight Administration', 'SRV0849', 'AGC5500', true),
    ('CCA001447', 'Federal Grants PayGo', 'SRV0122', 'AGC4311', true),
    ('CCA001448', 'State Grants PayGo', 'SRV0122', 'AGC4311', true),
    ('CCA001449', 'Special Revenue PayGo', 'SRV0122', 'AGC4311', true),
    ('CCA001450', 'Private Grants PayGo', 'SRV0122', 'AGC4311', true),
    ('CCA001451', 'Senior Health Insurance Program', 'SRV0725', 'AGC2700', true),
    ('CCA001452', 'Casino Support Housing Code Enforcement', 'SRV0745', 'AGC3100', true),
    ('CCA001453', 'Administration for Community Living', 'SRV0724', 'AGC2700', true),
    ('CCA001454', 'Mobile Metro Unit (BPD)', 'SRV0816', 'AGC5900', true),
    ('CCA001455', 'DNU_Family Crimes & SIS Other (BPD)', 'SRV0623', 'AGC5900', true),
    ('CCA001456', 'DNU_Child Abuse Unit (BPD)', 'SRV0623', 'AGC5900', true),
    ('CCA001457', 'Sex Crimes Unit (BPD)', 'SRV0623', 'AGC5900', true),
    ('CCA001458', 'Special Activities Unit (BPD)', 'SRV0623', 'AGC5900', true),
    ('CCA001459', 'District Detective Section (BPD)', 'SRV0623', 'AGC5900', true),
    ('CCA001460', 'Homicide Section (BPD)', 'SRV0623', 'AGC5900', true),
    ('CCA001461', 'Citywide Investigations (BPD)', 'SRV0623', 'AGC5900', true),
    ('CCA001462', 'PIB Admin (BPD)', 'SRV0628', 'AGC5900', true),
    ('CCA001463', 'Community Policing (BPD)', 'SRV0622', 'AGC5900', true),
    ('CCA001464', 'Hostage Negotiation Team (BPD)', 'SRV0816', 'AGC5900', true),
    ('CCA001465', 'Building Security (BPD)', 'SRV0622', 'AGC5900', true),
    ('CCA001466', 'Casino Support Middle Branch Initiatives', 'SRV0763', 'AGC5700', true),
    ('CCA001467', 'Incorrect', NULL, NULL, true),
    ('CCA001468', 'Equity, Health, & Human Services', 'SRV0125', 'AGC4301', true),
    ('CCA001469', 'Health Equity (BCHD)', 'SRV0715', 'AGC2700', true),
    ('CCA001470', 'MPO - Convention Center Charm City', 'SRV0136', 'AGC1200', true),
    ('CCA001471', 'Perkins Home TIF Debt Service', 'SRV0124', 'AGC4315', true),
    ('CCA001472', 'Office of Performance and Innovation', 'SRV0903', 'AGC4301', true),
    ('CCA001473', 'Office of Immigrant Affairs', 'SRV0904', 'AGC4301', true),
    ('CCA001474', 'Office of African American Male Engagement', 'SRV0905', 'AGC4301', true),
    ('CCA001475', 'Office of LGBTQ Affairs', 'SRV0906', 'AGC4301', true),
    ('CCA001476', 'Office of Infrastructure Development', 'SRV0907', 'AGC4301', true),
    ('CCA001477', 'Office of Older Adult Affairs and Advocacy', 'SRV0908', 'AGC4301', true),
    ('CCA001478', 'Building & Zoning Plans Enforcement (Planning)', 'SRV0909', 'AGC5700', true),
    ('CCA001479', 'Year Round Youth Participants (YouthWorks)', 'SRV0798', 'AGC4500', true),
    ('CCA001480', 'Emergency Mortgage Housing Assistance Program (EMHAP)', 'SRV0752', 'AGC3100', true),
    ('CCA001481', 'Property Acquisition Legal', 'SRV0749', 'AGC3100', true),
    ('CCA001482', 'Vacant Property Management', 'SRV0749', 'AGC3100', true),
    ('CCA001483', 'Building Code Administration', 'SRV0751', 'AGC3100', true),
    ('CCA001484', 'Building Code Legal Compliance', 'SRV0751', 'AGC3100', true),
    ('CCA001485', 'Building Code Notice Production', 'SRV0751', 'AGC3100', true),
    ('CCA001486', 'Housing Special Investigations', 'SRV0751', 'AGC3100', true),
    ('CCA001487', 'Digital Services', 'SRV0911', 'AGC4303', true),
    ('CCA001488', 'Healthcare for the Homeless', 'SRV0307', 'AGC2700', true),
    ('CCA001489', 'Hepatitis C Program', 'SRV0315', 'AGC2700', true),
    ('CCA001490', 'Employee Engagement', 'SRV0770', 'AGC3300', true),
    ('CCA001491', 'HR Technology', 'SRV0770', 'AGC3300', true),
    ('CCA001492', 'Head Start Subgrantee Programs', 'SRV0605', 'AGC4309', true),
    ('CCA001493', 'Homeland Security', 'SRV0623', 'AGC5900', true),
    ('CCA001494', 'Family and Intimate Partner Violence Unit', 'SRV0623', 'AGC5900', true),
    ('CCA001495', 'Missing and Exploited Person''s Unit', 'SRV0623', 'AGC5900', true),
    ('CCA001496', 'Arson, Economic Crimes, & SIS Admin', 'SRV0623', 'AGC5900', true),
    ('CCA001497', 'Digital Forensics Unit', 'SRV0642', 'AGC5900', true),
    ('CCA001498', 'Electric Vehicle Charging', 'SRV0682', 'AGC7000', true),
    ('CCA001499', 'Retired Senior Volunteer Program', 'SRV0723', 'AGC2700', true),
    ('CCA001500', 'Senior Companion Program', 'SRV0723', 'AGC2700', true),
    ('CCA001501', 'Office of Ethics', 'SRV0910', 'AGC4308', true),
    ('CCA001502', 'Facility Maintenance', 'SRV0912', 'AGC6300', true),
    ('CCA001503', 'Finance Grants Management', 'SRV0913', 'AGC2300', true),
    ('CCA001504', 'Disabilities Commission', 'SRV0844', 'AGC5500', true),
    ('CCA001505', 'Women''s Commission', 'SRV0844', 'AGC5500', true),
    ('CCA001506', 'Veterans Commission', 'SRV0844', 'AGC5500', true),
    ('CCA001507', 'Administrative Charging Committee', 'SRV0849', 'AGC5500', true),
    ('CCA001508', 'OECR Administration', 'SRV0914', 'AGC5500', true),
    ('CCA001509', 'Corporate and Revenue Compliance', 'SRV0915', 'AGC2300', true),
    ('CCA001510', 'New Construction & Preservation of Existing Rental', 'SRV0748', 'AGC3100', true),
    ('CCA001511', 'Community Land Trust', 'SRV0748', 'AGC3100', true),
    ('CCA001512', 'Opioid Restitution Administration', 'SRV0916', 'AGC4392', true),
    ('CCA001513', 'Opioid Grants-Named Organizations', 'SRV0917', 'AGC4392', true),
    ('CCA001514', 'Opioid Restitution Administration', 'SRV0918', 'AGC4301', true),
    ('CCA001515', 'Restitution Advisory Board', 'SRV0918', 'AGC4301', true),
    ('CCA001516', 'TIF Construction Disbursement', 'SRV0124', 'AGC4315', true),
    ('CCA001517', 'Municipal ID', 'SRV0919', 'AGC4303', true),
    ('CCA001518', 'Wastewater Utility Fund PayGo', 'SRV0122', 'AGC4311', true),
    ('CCA001519', 'Water Utility Fund PayGo', 'SRV0122', 'AGC4311', true),
    ('CCA001520', 'Stormwater Utility Fund PayGo', 'SRV0122', 'AGC4311', true),
    ('CCA001521', 'Highway User Revenue PayGo', 'SRV0122', 'AGC4311', true),
    ('CCA001522', 'Brownfields Tax Credit', 'SRV0122', 'AGC4311', true),
    ('CCA001523', 'PayGo Supplemental Funding', 'SRV0122', 'AGC4311', true),
    ('CCA001524', 'CFG Bank Arena Operations', 'SRV0122', 'AGC4311', true),
    ('CCA001525', 'Main Streets', 'SRV0834', 'AGC4310', true),
    ('CCA001526', 'Summer Youth Engagement', 'SRV0619', 'AGC4346', true),
    ('CCA001527', 'Rec Center Programming', 'SRV0446', 'AGC4321', true),
    ('CCA001528', 'AAME Youth Outreach', 'SRV0446', 'AGC4321', true),
    ('CCA001529', 'Art & Culture', 'SRV0920', 'AGC4301', true),
    ('CCA001530', 'Nightlife & Events', 'SRV0920', 'AGC4301', true),
    ('CCA001531', 'Safe Passages', 'SRV0446', 'AGC4321', true),
    ('CCA001532', 'Workforce Services Infrastructure Projects', 'SRV0795', 'AGC4500', true),
    ('CCA001533', 'Consumer Protection and Business Licensing', 'SRV0921', 'AGC4317', true),
    ('CCA001534', 'Finance - BAPS', NULL, NULL, true),
    ('CCA001535', 'Buyers Choice Program', 'SRV0748', 'AGC3100', true),
    ('CCA001536', 'Aging Opioid Restitution Fund (ORF)', 'SRV0307', 'AGC2700', true),
    ('CCA001537', 'MCH Opioid Restitution Fund (ORF)', 'SRV0307', 'AGC2700', true),
    ('CCA001538', 'Senior Health Insurance Program (SHIP)', 'SRV0723', 'AGC2700', true),
    ('CCA001539', 'Food Assistance', 'SRV0122', 'AGC4311', true),
    ('CCA001540', 'Child Care Support', 'SRV0122', 'AGC4311', true),
    ('CCA001541', 'Rental Assistance', 'SRV0122', 'AGC4311', true),
    ('CCA001542', 'Hospital Based Violence Prevention', 'SRV0122', 'AGC4311', true),
    ('CCA001543', 'Executive Direction (MONSE)', 'SRV0923', 'AGC4346', true),
    ('CCA001544', 'Finance (MONSE)', 'SRV0923', 'AGC4346', true),
    ('CCA001545', 'Data Analytics (MONSE)', 'SRV0923', 'AGC4346', true),
    ('CCA001546', 'Communications (MONSE)', 'SRV0923', 'AGC4346', true),
    ('CCA001547', 'Group Violence Reduction Strategy (GVRS)', 'SRV0924', 'AGC4346', true),
    ('CCA001548', 'Safe Streets', 'SRV0924', 'AGC4346', true),
    ('CCA001549', 'Hospital Violence Intervention', 'SRV0924', 'AGC4346', true),
    ('CCA001550', 'School Based Intervention', 'SRV0924', 'AGC4346', true),
    ('CCA001551', 'Visitation Center', 'SRV0925', 'AGC4346', true),
    ('CCA001552', 'Direct Victim Support', 'SRV0925', 'AGC4346', true),
    ('CCA001553', 'Anti-Human Trafficking', 'SRV0925', 'AGC4346', true),
    ('CCA001554', 'Intimate Partner Violence Prevention', 'SRV0925', 'AGC4346', true),
    ('CCA001555', 'Re-Entry Support Services', 'SRV0926', 'AGC4346', true),
    ('CCA001556', 'Behind the Wall', 'SRV0926', 'AGC4346', true),
    ('CCA001557', 'Youth Diversion', 'SRV0927', 'AGC4346', true),
    ('CCA001558', 'Neighborhood Stabilization', 'SRV0927', 'AGC4346', true),
    ('CCA001559', 'Street Outreach', 'SRV0927', 'AGC4346', true),
    ('CCA001560', 'Neighborhood Services', 'SRV0882', 'AGC6500', true),
    ('CCA001561', 'Resident Food Equity Advisors', 'SRV0928', 'AGC5700', true),
    ('CCA001562', 'Healthy Food Priority Area', 'SRV0928', 'AGC5700', true),
    ('CCA001563', 'Casino Support Environmental Education', 'SRV0929', 'AGC5700', true),
    ('CCA001564', 'Casino Support Benefit District Support', 'SRV0929', 'AGC5700', true),
    ('CCA001565', 'Pimlico Impact Aid Community Based Projects', 'SRV0929', 'AGC5700', true),
    ('CCA001566', 'Casino Support Community Enhancement Projects', 'SRV0929', 'AGC5700', true),
    ('CCA001567', 'Casino Support Project Coordination', 'SRV0929', 'AGC5700', true),
    ('CCA001568', 'Casino Support Middle Branch Initiatives', 'SRV0929', 'AGC5700', true),
    ('CCA001569', 'Capital Improvement Plan Development & Oversight', 'SRV0929', 'AGC5700', true),
    ('CCA001570', 'Portfolio and Property Management (DGS)', 'SRV0726', 'AGC2600', true),
    ('CCA001571', 'Needle Exchange', 'SRV0307', 'AGC2700', true),
    ('CCA001572', 'Secondary Employment-Special Events', 'SRV0623', 'AGC5900', true),
    ('CCA001573', 'Employee Health and Wellness (BPD)', 'SRV0807', 'AGC5900', true),
    ('CCA001574', 'Central and Juvenile Booking (BPD)', 'SRV0622', 'AGC5900', true),
    ('CCA001575', 'Facilities Management Administration', 'SRV0731', 'AGC2600', true),
    ('CCA001576', 'EV Infrastructure and Equipment Maintenance', 'SRV0189', 'AGC2600', true),
    ('CCA001577', 'Fleet Facilities Maintenance', 'SRV0189', 'AGC2600', true),
    ('CCA001578', 'Fuel Systems', 'SRV0189', 'AGC2600', true),
    ('CCA001579', 'Motorpool', 'SRV0189', 'AGC2600', true),
    ('CCA001580', 'Communications and Legislative Affairs', 'SRV0726', 'AGC2600', true),
    ('CCA001581', 'Safety and Compliance', 'SRV0726', 'AGC2600', true),
    ('CCA001582', 'Assessment, Evaluation, and Review Services', 'SRV0311', 'AGC2700', true),
    ('CCA001583', 'BCIT Refresh Software', 'SRV0805', 'AGC4303', true),
    ('CCA001584', 'IT Portfolio Management', 'SRV0803', 'AGC4303', true),
    ('CCA001585', 'Server Maintenance', 'SRV0805', 'AGC4303', true),
    ('CCA001586', 'Business Licensing', 'SRV0921', 'AGC4317', true),
    ('CCA001587', 'Consumer Protection', 'SRV0921', 'AGC4317', true),
    ('CCA001588', 'Community Reinvestment and Repair Fund', 'SRV0844', 'AGC5500', true),
    ('CCA001589', 'Citywide Robbery Operations', 'SRV0623', 'AGC5900', true),
    ('CCA001590', 'Integrated Vegetation Management (IVM)', 'SRV0674', 'AGC6100', true),
    ('CCA001591', 'Epidemiology & Data', 'SRV0307', 'AGC2700', true),
    ('CCA001592', 'Overdose Prevention Administrator', 'SRV0307', 'AGC2700', true),
    ('CCA001593', 'Substance Use Treatment', 'SRV0307', 'AGC2700', true),
    ('CCA001594', 'Prekindergarten', 'SRV0352', 'AGC4371', true),
    ('CCA001595', 'State Pension Contribution', 'SRV0352', 'AGC4371', true),
    ('CCA001596', 'Deputy Mayor of Health and Human Services', 'SRV0125', 'AGC4301', true),
    ('CCA001597', 'Deputy Mayor of Operations', 'SRV0125', 'AGC4301', true),
    ('CCA001598', 'City-Wide Affordable Housing Development District TIF Debt Service', 'SRV0124', 'AGC4315', true),
    ('CCA001599', 'Harm Reduction', 'SRV0930', 'AGC2700', true),
    ('CCA001600', 'Data Evaluation and Surveillance', 'SRV0930', 'AGC2700', true),
    ('CCA001601', 'Behavioral Health Administration', 'SRV0930', 'AGC2700', true),
    ('CCA001602', 'Clinical Treatment Services', 'SRV0930', 'AGC2700', true),
    ('CCA001603', 'Substance Use Prevention', 'SRV0930', 'AGC2700', true),
    ('CCA001604', 'Recovery Support Services', 'SRV0930', 'AGC2700', true),
    ('CCA001605', 'Overdose Prevention & Response Strategy (OPRS)', 'SRV0930', 'AGC2700', true),
    ('CCA001606', 'Opioid Grants- Community Organizations', 'SRV0917', 'AGC4392', true),
    ('CCA001607', 'Ambulance Billing', 'SRV0122', 'AGC4311', true),
    ('CCA001608', 'Office of Immigrant Affairs', 'SRV0931', 'AGC4393', true),
    ('CCA001609', 'Clean Corps', 'SRV0922', 'AGC5700', true),
    ('CCA001610', 'Elijah E. Cummings Recreation Center', 'SRV0648', 'AGC6300', true),
    ('CCA001611', 'Maryland Paid Leave', 'SRV0122', 'AGC4311', true),
    ('CCA001612', 'HBCU Fellows', 'SRV0446', 'AGC4321', true),
    ('CCA001613', 'Opioid Grants- City Agencies', 'SRV0917', 'AGC4392', true),
    ('CCA100000', 'Non-City and Satellite Employees', NULL, NULL, true),
    ('CCA909116', 'OIT Capital Active 9116', 'SRV9011', 'AGC4303', true),
    ('CCA909127', 'Mayoralty Capital Active 9127', 'SRV9009', 'AGC4301', true),
    ('CCA909146', 'Finance Capital Active 9146', 'SRV9005', 'AGC2300', true),
    ('CCA909188', 'Planning Capital Active 9188', 'SRV9012', 'AGC5700', true),
    ('CCA909197', 'DGS Capital Active 9197', 'SRV9003', 'AGC2600', true),
    ('CCA909206', 'BCPD Capital Active 9206', 'SRV9001', 'AGC5900', true),
    ('CCA909208', 'Fire Capital Active 9208', 'SRV9006', 'AGC2500', true),
    ('CCA909312', 'BCHD Capital Active 9312', 'SRV9000', 'AGC2700', true),
    ('CCA909457', 'Library Capital Active 9457', 'SRV9008', 'AGC3900', true),
    ('CCA909474', 'Recreation and Parks General Capital Active', 'SRV9013', 'AGC6300', true),
    ('CCA909483', 'Recreation and Parks  MD ZOO Capital Active 9483', 'SRV9013', 'AGC6300', true),
    ('CCA909488', 'Museum of Art Capital Active 9488', NULL, NULL, true),
    ('CCA909504', 'DOT Alleys Footways Capital 9504', 'SRV9003', 'AGC2600', true),
    ('CCA909506', 'DOT Highways Capital Active 9506', 'SRV9003', 'AGC2600', true),
    ('CCA909508', 'DOT Highways Capital Active 9508', 'SRV9003', 'AGC2600', true),
    ('CCA909510', 'DOT Street Lighting Capital Active', 'SRV9003', 'AGC2600', true),
    ('CCA909512', 'DOT Traffic Capital Active 9512', 'SRV9003', 'AGC2600', true),
    ('CCA909514', 'DOT Major Construction Capital Active 9514', 'SRV9003', 'AGC2600', true),
    ('CCA909517', 'DPW Solid Waste Capital Active 9517', 'SRV9004', 'AGC6100', true),
    ('CCA909520', 'DPW Stormwater Utility 9520 Capital Active', 'SRV9004', 'AGC6100', true),
    ('CCA909525', 'DPW Stormwater Utility 9525 Capital Active', 'SRV9004', 'AGC6100', true),
    ('CCA909527', 'DOT Development Agency Capital Active 9527', 'SRV9003', 'AGC2600', true),
    ('CCA909534', 'Convention Center Capital Active 9534', 'SRV9002', 'AGC4361', true),
    ('CCA909551', 'DPW Wastewater Utility Capital Active', 'SRV9004', 'AGC6100', true),
    ('CCA909557', 'DPW Water Utility Capital Active', 'SRV9004', 'AGC6100', true),
    ('CCA909562', 'DOT Conduits Capital Active 9562', 'SRV9003', 'AGC2600', true),
    ('CCA909580', 'Parking Authority Capital Active 9580', 'SRV9003', 'AGC2600', true),
    ('CCA909586', 'HCD General Capital Active 2 9586', 'SRV9007', 'AGC3100', true),
    ('CCA909588', 'HCD General Capital Active 9588', 'SRV9007', 'AGC3100', true),
    ('CCA909593', 'HCD CDBG XLV 9980 Capital Active', 'SRV9007', 'AGC3100', true),
    ('CCA909601', 'HCD Baltimore Development Corp Capital Active 9601', 'SRV9007', 'AGC3100', true),
    ('CCA909607', 'HCD Downtown Partnership Capital Active 9607', 'SRV9007', 'AGC3100', true),
    ('CCA909610', 'HCD HOME Capital Active', 'SRV9007', 'AGC3100', true),
    ('CCA999999', 'Unmapped Cost Center', NULL, NULL, true),
    ('COST_CENTER-3-1284', 'zzDNU_Victim Services (MONSE)', NULL, NULL, false),
    ('RES009117', 'RES Information and Technology (BCIT)', NULL, 'AGC4303', true),
    ('RES009123', 'RES Mayoralty-Related OED', NULL, 'AGC4301', true),
    ('RES009129', 'RES Mayoralty-Related', NULL, 'AGC4301', true),
    ('RES009149', 'RES Finance', NULL, 'AGC2300', true),
    ('RES009186', 'RES Planning', NULL, 'AGC5700', true),
    ('RES009194', 'RES General Services', NULL, 'AGC2600', true),
    ('RES009205', 'RES Police', NULL, 'AGC5900', true),
    ('RES009209', 'RES Fire', NULL, 'AGC2500', true),
    ('RES009313', 'RES Health', NULL, 'AGC2700', true),
    ('RES009458', 'RES Enoch Pratt Free Library', NULL, 'AGC3900', true),
    ('RES009475', 'RES Recreation and Parks', NULL, 'AGC6300', true),
    ('RES009485', 'RES Recreation and Parks MD ZOO', NULL, 'AGC6300', true),
    ('RES009507', 'RES Bridges', NULL, 'AGC7000', true),
    ('RES009509', 'RES Streets and Highways', NULL, 'AGC7000', true),
    ('RES009511', 'RES Street Lighting', NULL, 'AGC7000', true),
    ('RES009513', 'RES Traffic Engineering', NULL, 'AGC7000', true),
    ('RES009515', 'RES Street Resurfacing', NULL, 'AGC7000', true),
    ('RES009516', 'RES Solid Waste', NULL, 'AGC6100', true),
    ('RES009522', 'RES Stormwater', NULL, 'AGC6100', true),
    ('RES009526', 'RES Pollution and Erosion Control', NULL, 'AGC6100', true),
    ('RES009528', 'RES Development Agencies Program', NULL, 'AGC7000', true),
    ('RES009535', 'RES Convention Center', NULL, 'AGC4361', true),
    ('RES009539', 'RES Comptroller', NULL, 'AGC1200', true),
    ('RES009549', 'RES Wastewater', NULL, 'AGC6100', true),
    ('RES009558', 'RES Water Supply', NULL, 'AGC6100', true),
    ('RES009563', 'RES Conduits', NULL, 'AGC7000', true),
    ('RES009581', 'RES Parking Authority', NULL, 'AGC7000', true),
    ('RES009587', 'RES Housing and Community Development', NULL, 'AGC3100', true),
    ('RES009591', 'RES Housing and Community Development UDAG', NULL, 'AGC3100', true),
    ('RES009600', 'RES Baltimore Development Corporation (BDC)', NULL, 'AGC3100', true),
    ('RES009608', 'RES Housing and Community Development DTP', NULL, 'AGC3100', true),
    ('RES009609', 'RES Housing and Community Development HOME', NULL, 'AGC3100', true),
    ('zzDNU_CAP009509', 'MLK Blvd Intersection Improvement', NULL, NULL, false),
    ('zzDNU_CAP009528', 'DOT - Sharp Leadenhall', NULL, NULL, false),
    ('zzDNU_CCA000115', 'zzDNU_Emergency Management (OEM) Administration', 'SRV0608', 'AGC2500', false),
    ('zzDNU_CCA000524', 'zzDNU_Supervised Visitation (MONSE)', 'SRV0618', 'AGC4346', false),
    ('zzDNU_RES009197', 'Shot Tower Interior & Masonry', NULL, NULL, false),
    ('zzDNU_RES009601', 'Sharp Leadenhall Streetscape', NULL, NULL, false)
ON CONFLICT ("cost_center_id") DO UPDATE SET
    "cost_center_name" = EXCLUDED."cost_center_name", "service_id" = EXCLUDED."service_id", "agency_id" = EXCLUDED."agency_id", "active" = EXCLUDED."active";

-- plan_entity
CREATE TABLE IF NOT EXISTS "plan_entity" (
    "entity_id" integer PRIMARY KEY,
    "parent_agency_id" text REFERENCES agency(agency_id),
    "public_name" text,
    "entity_type" text,
    "has_own_plan" boolean,
    "active" boolean
);
ALTER TABLE "plan_entity" ADD COLUMN IF NOT EXISTS "parent_agency_id" text REFERENCES agency(agency_id);
ALTER TABLE "plan_entity" ADD COLUMN IF NOT EXISTS "public_name" text;
ALTER TABLE "plan_entity" ADD COLUMN IF NOT EXISTS "entity_type" text;
ALTER TABLE "plan_entity" ADD COLUMN IF NOT EXISTS "has_own_plan" boolean;
ALTER TABLE "plan_entity" ADD COLUMN IF NOT EXISTS "active" boolean;
INSERT INTO "plan_entity" ("entity_id", "parent_agency_id", "public_name", "entity_type", "has_own_plan", "active")
VALUES
    (1, 'AGC4301', 'Mayor''s Office of Performance and Innovation', 'MayoraltyOffice', true, true),
    (2, 'AGC4301', 'Mayor''s Office of African American Male Engagement', 'MayoraltyOffice', true, true),
    (3, 'AGC4301', 'Mayor''s Office of LGBTQ Affairs', 'MayoraltyOffice', true, true),
    (4, 'AGC4301', 'Mayor''s Office of Infrastructure Development', 'MayoraltyOffice', true, true),
    (5, 'AGC4301', 'Mayor''s Office of Older Adult Affairs and Advocacy', 'MayoraltyOffice', true, true),
    (6, 'AGC4301', 'Baltimore City Mayor''s Office of Overdose Response', 'MayoraltyOffice', true, true),
    (7, 'AGC4301', 'Mayor''s Office of Art, Culture, and Entertainment', 'MayoraltyOffice', true, true),
    (8, 'AGC4301', 'Innovation Team', 'MayoraltyOffice', true, true),
    (9, 'AGC4361', 'Baltimore Convention Center', 'QuasiAgency', true, true),
    (10, 'AGC4361', 'CFG Bank Arena (Royal Farms Arena)', 'QuasiAgency', false, true),
    (11, 'AGC4326', 'Visit Baltimore', 'QuasiAgency', true, true),
    (12, 'AGC4326', 'Baltimore Heritage Area', 'QuasiAgency', true, true),
    (13, 'AGC4326', 'Baltimore Public Markets', 'QuasiAgency', true, true),
    (14, 'AGC4326', 'Lexington Market', 'QuasiAgency', true, true),
    (15, 'AGC3100', 'Live Baltimore', 'QuasiAgency', true, true),
    (16, 'AGC4356', 'Baltimore Museum of Art', 'QuasiAgency', true, true),
    (17, 'AGC4356', 'Walters Art Gallery', 'QuasiAgency', true, true),
    (18, 'AGC4356', 'Maryland Zoo', 'QuasiAgency', true, true),
    (19, 'AGC4356', 'Baltimore Symphony Orchestra', 'QuasiAgency', true, true),
    (20, 'AGC4356', 'Create Baltimore', 'QuasiAgency', true, true),
    (21, 'AGC4316', 'Legal Aid', 'QuasiAgency', true, true),
    (22, 'AGC4321', 'Family League', 'QuasiAgency', true, true),
    (23, 'AGC3100', 'Baltimore Development Corporation', 'QuasiAgency', true, true),
    (24, 'AGC7000', 'Parking Authority', 'QuasiAgency', true, true)
ON CONFLICT ("entity_id") DO UPDATE SET
    "parent_agency_id" = EXCLUDED."parent_agency_id", "public_name" = EXCLUDED."public_name", "entity_type" = EXCLUDED."entity_type", "has_own_plan" = EXCLUDED."has_own_plan", "active" = EXCLUDED."active";

-- plan_entity_service
CREATE TABLE IF NOT EXISTS "plan_entity_service" (
    "pes_id" integer PRIMARY KEY,
    "entity_id" integer REFERENCES plan_entity(entity_id),
    "service_id" text REFERENCES service(service_id),
    "service_name" text,
    "is_primary" boolean
);
ALTER TABLE "plan_entity_service" ADD COLUMN IF NOT EXISTS "entity_id" integer REFERENCES plan_entity(entity_id);
ALTER TABLE "plan_entity_service" ADD COLUMN IF NOT EXISTS "service_id" text REFERENCES service(service_id);
ALTER TABLE "plan_entity_service" ADD COLUMN IF NOT EXISTS "service_name" text;
ALTER TABLE "plan_entity_service" ADD COLUMN IF NOT EXISTS "is_primary" boolean;
INSERT INTO "plan_entity_service" ("pes_id", "entity_id", "service_id", "service_name", "is_primary")
VALUES
    (1, 1, 'SRV0903', 'Office of Performance and Innovation', true),
    (2, 2, 'SRV0905', 'Office of African American Male Engagement', true),
    (3, 3, 'SRV0906', 'Office of LGBTQ Affairs', true),
    (4, 4, 'SRV0907', 'Office of Infrastructure Development', true),
    (5, 5, 'SRV0908', 'Office of Older Adult Affairs and Advocacy', true),
    (6, 6, 'SRV0918', 'Opioid Restitution Administration', true),
    (7, 7, 'SRV0920', 'Mayor''s Office of Art, Culture, and Entertainment', true),
    (8, 8, 'SRV0125', 'Innovation Team', true),
    (9, 9, 'SRV0855', 'Convention Center', true),
    (10, 10, 'SRV0540', 'Royal Farms Arena Operations', true),
    (11, 11, 'SRV0820', 'Convention Sales and Tourism Marketing', true),
    (12, 12, 'SRV0590', 'Civic Promotion Grants', true),
    (13, 13, 'SRV0590', 'Civic Promotion Grants', true),
    (14, 14, 'SRV0590', 'Civic Promotion Grants', true),
    (15, 15, 'SRV0815', 'Live Baltimore', true),
    (16, 16, 'SRV0493', 'Art and Culture Grants', true),
    (17, 17, 'SRV0493', 'Art and Culture Grants', true),
    (18, 18, 'SRV0493', 'Art and Culture Grants', true),
    (19, 19, 'SRV0493', 'Art and Culture Grants', true),
    (20, 20, 'SRV0824', 'Events, Art, and Culture', true),
    (21, 20, 'SRV0828', 'Bromo Seltzer Arts Tower', true),
    (22, 21, 'SRV0385', 'Health and Welfare Grants', true),
    (23, 22, 'SRV0385', 'Health and Welfare Grants', true),
    (24, 22, 'SRV0446', 'Educational Grants', true),
    (25, 23, 'SRV0749', 'Property Acquisition, Disposition and Asset Management', true),
    (26, 23, 'SRV0750', 'Housing Rehabilitation Services', false),
    (27, 23, 'SRV0810', 'Real Estate Development', false),
    (28, 24, 'SRV0682', 'Parking Management', true)
ON CONFLICT ("pes_id") DO UPDATE SET
    "entity_id" = EXCLUDED."entity_id", "service_id" = EXCLUDED."service_id", "service_name" = EXCLUDED."service_name", "is_primary" = EXCLUDED."is_primary";

COMMIT;
